기업명,사업분야,설립일,대표자,사이트,TIPS 선정,운영기관,소개,소재지
유켄,전기전자,2024.01.11,김익경,http://www.uken.co.kr,2025.12,한국투자액셀러레이터,"유켄주식회사는 반도체·디스플레이·전자부품 제조 공정을 위한 초정밀 레이저 마이크로홀 가공 기술과 장비를 개발하는 기술기업입니다. 초고속 빔 회전 광학계와 미세 가공 솔루션을 통해 고종횡비·고품질 가공을 실현하며, 차세대 첨단 패키징 및 MLCC 공정의 핵심 기술을 제공합니다.",
바토너스,정보통신,2019.01.16,이지수,http://www.batoners.com,2025.12,큐네스티,"바토너스는 AI 기술로 청각장애인의 소통 장벽을 허무는 수어통역 솔루션 기업입니다. 높은 인식 정확도와 실시간 변환 기술을 바탕으로 박물관 안내 키오스크, 학교 수어 교육 프로그램 등 공공·교육등 핵심 영역에서 혁신을 선도하고 있습니다. 한국수어를 넘어 다국어 지원 확장을 통해 누구나 자유롭게 소통하는 세상을 만들어갑니다.",
엠엠케이파트너스,전기전자,2022.05.13,이예진,http://,2025.12,필로소피아벤처스,"엠엠케이파트너스는 세 가지 핵심 사업부를 중심으로 운영됩니다. 화장품 브랜드의 기획·런칭 및 판매, 화장품의 국내외 유통, 그리고 기업·병의원 전문 브랜드 마케팅입니다. 각 사업부는 검증된 성공 캠페인을 보유하고 있으며, 현재 15개 기업·병의원과 5개 화장품 브랜드의 성장을 전략적으로 이끌고 있습니다.",
셀리스트,지식서비스,2022.12.16,이인기,http://,2025.12,코맥스벤처러스,AI 기반 고객 맞춤형 비대면 메뉴 통합 솔루션,
넥시클,정보통신,2024.09.12,장무진,http://www.controlxr.ai,2025.12,제이엔피글로벌,"㈜넥시클은 다중 사용자·디바이스 XR 환경에서 발생하는 운영 복잡성과 비효율을 AI 기반으로 해결하는 XR 통합 관리 플랫폼 기업입니다. 실시간 모니터링, 자동 제어, 지능형 운영 가이드를 통해 대규모 XR 운영의 새로운 기준을 만들며, XR 다중관리의 글로벌 표준을 지향합니다.",
비씨모빌리티,지식서비스,2025.07.29,김성우,http://,2025.12,전북창조경제혁신센터,"비씨모빌리티는 자동차 산업 전문가들이 모여, 오토바이 산업을 혁신하는 기업입니다. 오토바이 특화 모빌리티 솔루션을 개발하며, 대표적으로 실시간 차량 관리 체계인 FMS(Fleet Management System)를 구축하고 있습니다. 단순 관제 기능을 넘어, AI 기반 데이터 분석을 통해 산업의 고질적 문제인 채권 및 사고 리스크를 해결합니다. 또한, 라이더 핀테크 서비스도 운영하며, 오토바이 모빌리티 생태계 전반을 새롭게 구축하고 있습니다.",
윙스,정보통신,2023.03.19,최진영,http://https://wings.im/,2025.12,전남대학교기술지주회사,"㈜윙스는 AI 언어재활 음성분석 전문기업으로 언어치료가 필요한 언어소통 약자들의 디지털 교구 및 콘텐츠를 개발, 판매하는 기업입니다. 또한, AI 음성청진기 기반 아동발달 솔루션 “말이랑”, 발달전문가 통합 플랫폼 “언어재활임상연구회”를 운영하고 있습니다.",
카멜라이언,정보통신,2024.03.14,"김지희, 박찬혁",http://viewlingo.com,2025.12,임팩트스퀘어,"카멜라이언(주)은 멀티모달·생성형 AI 기술을 기반으로 방송·교육·공공 분야의 배리어프리 콘텐츠를 자동 생성하는 기술 기반의 소셜벤처 기업입니다. 음성·영상·텍스트를 결합한 AI 파이프라인을 통해 자막, 화면해설, 화자표시 등 접근성 요소를 자동화하며, 제작 비용 절감과 품질 균일화를 동시에 실현하고 있습니다. KBS, TVING, 동아출판 등의 국내 방송·미디어·교육 서비스 실적을 기반으로 교육 및 글로벌 시장으로의 확장을 추진하고 있습니다.",
베스턴,지식서비스,2023.10.12,최원진,http://www.bestturnaround.com/,2025.12,인천창조경제혁신센터,"(주)베스턴은 공항거점 항공조업 인력 비대칭성 문제를 해결하는 AI 기반 근무추천·스케줄링 솔루션을 개발합니다. 17년 경력 항공사 지점장 출신 창업자의 현장·IT PM 경험과 1년 만에 14개 항공사/조업사 운영 성과('25년 예상매출 4.5억, NPS 98)를 달성하였으며 공항 일자리 플랫폼으로 확장 중입니다.",
세뮤나이트,전기전자,2025.08.27,정계원,http://www.semunite.com,2025.12,에트리홀딩스,"초저전력 온디바이스 AI 시대에 최적화된 차세대 인공지능 반도체 개발을 최종 목표. 기존 GPU/NPU 기반 범용 AI 가속기가 가진 고전력,고비용,저효율 문제를 근본적으로 해결하기 위해, 연산과 메모리 접근을 최소화하는 PIM-like-NPU 아키텍처를 새롭게 설계, 세계 최고수준의 PPA 달성하는 초경량 AI SoC 를 개발함. 스마트글래스, 웨어러블, 로보틱스, IoT 디바이스 등 초저전력 AI 연산이 필수적인 응용 분야를 타켓, 판매함.",
반야에이아이,정보통신,2025.02.27,황병대,http://www.banya.ai,2025.12,아이티센글로벌,"기업/기관 대상 온프레미스, 온디바이스 환경에서의 AI Agent를 연구합니다.- 코드파일럿 : 기업/기관 내부망에서 동작하는 코드AI 솔루션- 늘품AI : 사회적약자의 AI 대화 친구",
에어데이터랩,기계·소재,2022.07.12,이동혁,http://www.airdatalab.com,2025.12,아이디어파트너스,"에어데이터랩은 AI와 빅데이터로 주방 및 산업 현장의 오염 문제를 해결합니다. 세계 최초 무전력·모듈형 ‘ESG 조리매연 저감장치’와 AIoT 플랫폼으로 발암물질을 98% 이상 제거하며 근로자의 생명을 보호합니다. 산업융합 혁신품목 선정 및 팁스(TIPS) 기반의 검증된 기술력으로 국내 시장을 선점하고, 일본·대만 등 글로벌 시장의 표준을 정립하겠습니다. 우리는 깨끗한 공기를 데이터로 증명하며 지속 가능한 미래를 현실로 만듭니다.",
아이즈온,지식서비스,2021.10.14,김민영,http://,2025.12,아이디어파트너스,㈜아이즈온은 2021년 10월에 설립되어 자폐스텍츠럼 장애 의심 아동을 스마트기기를 통해 조기진단 할 수 있는 앱을 개발하는 회사입니다. 당사는 아동발달 및 자폐아동(ADS) 온라인진단을 통해 발달 시기 단축으로 발달지연 개선하는것과 모바일 기기를 통한 진단으로 시간과 장소에 제한되지 않아 의료비용 및 시간적 비용을 절감시키는 것을 목표로 하고 있습니다.,
해시퍼플,정보통신,2020.09.22,이주언,http://https://hashpurple.com,2025.12,씨엔티테크,"해시퍼플은 글로벌 K팝 팬덤 플랫폼 ‘케이돌(KDOL)’을 운영하는 기업입니다. 전 세계 K팝 팬들이 국경을 넘어 자신이 좋아하는 아티스트를 응원하고 자유롭게 소통할 수 있는 최적의 디지털 공간을 제공합니다. 글로벌 팬덤의 니즈에 맞춘 서비스를 통해 전 세계 팬들을 하나로 연결하며, 지속 가능한 K팝 팬덤 문화의 흐름을 만들어가고 있습니다.",
컴퍼니에이,지식서비스,2024.01.04,이헌승,http://www.thecompanya.com,2025.12,씨엔티테크,"K-POP 팬덤 커머스 스타트업, 컴퍼니에이㈜입니다. 팬 활동을 단순 소비에서 벗어나 경험·참여 중심의 커머스 서비스인 '마이스타굿즈(myStarGoods)'를 통해 여러 아티스트와 협업해 팬덤 이벤트를 제작·운영하고 있습니다. 또한, 아티스트들과 함께 2차 IP(캐릭터·세계관·디지털 콘텐츠) 공급 사업으로 확장하고 있습니다.",
대원넥스트,정보통신,2020.03.02,"방진, 허제",http://www.tgrv.co.kr,2025.12,씨엔티테크,"누구나 함께 즐기고 경험할 수 있는 참여형 스포츠 인프라를 구축합니다. 그 시작으로 테니스 시장에서 새로운 문화를 만들고 시장을 선도하는 온/오프라인 플랫폼으로 거듭나기 위해 도전하고 나아가고 있습니다. 더 쉽게, 더 편하게, 더 쾌적하게 스포츠를 즐길 수 있는 환경을 고객에게 제공하는 것을 최우선 가치로 기술을 개발하고 서비스를 만듭니다.",
케이저,정보통신,2025.01.31,견두헌,http://https://keiser.kr,2025.12,씨앤벤처파트너스,"성분조합(GCC) AI 검색엔진으로 음악을 검색･추천하고, 저작권 걱정없이 음악을 사용할수있는 콘텐츠플랫폼과 비즈니스 모델을 갖추고, 관련 산업계 인프라를 확장하고 있다.",
옐로펀트로봇,기계·소재,2022.02.25,전영범,http://yellowphant-robot.com/,2025.12,스파크랩,"옐로펀트로봇은 지난 3년간 한국 고속도로 휴게소 51개 매장에서 무인 로봇 커피 시스템을 성공적으로 운영하며 실질적인 시장 검증을 마침. 이 과정에서 IoT, 디지털 트윈, AI 기술을 접목한 협동로봇 솔루션의 안정성과 효율성을 입증함. 추후 양팔로봇, 비정형 식재료 처리기술 등의 기술을 탑재한 F&B 무인 자동화 플랫폼으로 인력난과 인건비 상승이라는 전 세계적인 문제를 해결하고, 24시간 365일 무인 운영을 통한 높은 수익성을 창출할 것.",
타이어케어컴퍼니,지식서비스,2024.06.25,정성운,http://www.tirecare.kr,2025.12,서울창조경제혁신센터,"타이어케어컴퍼니는 AI 기반 동적 최적화 기술로 자동차 정비 시장의 디지털 전환을 이끄는 테크 기업입니다. 하이브리드 최적화 엔진과 자체 전산시스템 FLOWFIX로 오프라인 정비를 데이터 기반 지능형 운영체계로 혁신하고 있으며, TIPS 선정과 딥테크 투자로 기술력을 검증받았습니다. 자율주행 시대 모빌리티 관리 인프라(MaaS) 구축을 목표로 글로벌 표준을 지향합니다.",
이퀄테이블,지식서비스,2025.10.25,문준석,http://www.equaltable.net,2025.12,서울창조경제혁신센터,주식회사 이퀄테이블은 커피의 생산부터 소비되는 전 과정의 탄소배출을 저감하고 이를 검증한 데이터를 기업에 제공하는 탄소저감커피 데이터 솔루션 기업입니다.,
열다컴퍼니,지식서비스,2022.10.06,임찬솔,http://yolda.kr,2025.12,서울대학교기술지주,"열다컴퍼니는 Physical AI 기술을 통해 오프라인 주거 공간을 디지털로 전환하는 'Space OS' 플랫폼을 구축합니다.전통적인 정리수납 서비스를 데이터 중심 모델로 혁신하여, 기존 스마트홈 기술이 접근하지 못한 '물건 단위'의 고밀도 공간 데이터를 확보합니다. 이를 기반으로 단순한 정리를 넘어, 인공지능이 스스로 공간을 이해하고 관리하는 차세대 지능형 홈 인프라의 표준을 제시하며 16조 달러 규모의 서비스 시장을 혁신하고 있습니다.",
클레어옵틱,전기전자,2021.04.12,송민규,http://www.claroptic.co.kr,2025.12,비디씨엑셀러레이터,"클레어옵틱은 정밀 광학엔진 및 AR 디스플레이 모듈 전문 기업으로, 3D 스캐너용 광학엔진 분야에서 축적한 기술력을 기반으로 차세대 AR 글라스용 초경량 플라스틱 웨이브가이드 모듈을 개발하고 있습니다. 양산 친화적 설계와 원가 경쟁력을 바탕으로 글로벌 XR·웨어러블 시장 진출을 추진하고 있습니다.",
올리브웍스,정보통신,2024.08.21,정현석,http://,2025.12,비디씨엑셀러레이터,"올리브웍스는 클라우드에서 개발되는 SW의 코드, 오픈소스 , SBOM, API,  컨테이너, 런타임, 클라우드 인프라의 보안 취약점을 통합으로 관리할 수 있는 AI기반 클라우드 네이티브 애플리케이션 시큐리티 통합 플랫폼 기업입니다. 기업은 올리브웍스에서 제공하는 플랫폼을 통해서 클라우드에서 개발되는 SW의 모든 보안 이슈를 통합해서 볼 수 있으며, 국내외에서 요구하는 컴플라이언스를 해결할 수 있 수 있습니다.",
라젠카에이아이,지식서비스,2023.09.07,이태주,http://razenca.ai,2025.12,비디씨엑셀러레이터,라젠카AI는 의료기관·약국의 정산 지연으로 생기는 현금흐름 공백을 해결하는 의료금융 플랫폼 기업입니다. AI 핀테크 기술을 활용하여 삭감률·폐업확률·이상거래탐지 시스템 등 의료산업의 신용평가 및 고부가 보건의료 데이터를 활용하여 글로벌 헬스케어 기업으로 도약하겠습니다.,
모프시스템즈,정보통신,2024.05.27,박민규,http://morphsys.ai,2025.12,매쉬업벤처스,"㈜모프시스템즈는 제조·국방 공급망 데이터를 자연어로 분석·의사결정할 수 있는 AI 기반 분석 자동화 기술을 개발하는 스타트업입니다. 이기종 ERP·MES·WMS 데이터를 통합하고, MCTS 기반 Text-to-SQL 모델을 통해 현장과 본사의 데이터 단절 문제를 해결하며 글로벌 제조·방산 시장을 목표로 합니다.",
블리스라이프텍,전기전자,2024.10.10,임채현,http://,2025.12,로우파트너스,"당사는 flexible, patchable 및 stretchable 센서 platform 기술과 MEMS 반도체 공정 기술을 기반으로 생체 신호 수집 기술, 분석 기술,대항 신호 발진 기술을 통해 질병 치료 및 예방적 의료기기 개발을 목표로 하고 있는 업체임.",
더코업,정보통신,2023.09.25,박찬긍,http://thecoupco.com,2025.12,다래전략사업화센터,"공공 및 민간 대규모 플랫폼 구축 역량을 바탕으로 디지털 신뢰 생태계를 혁신하는 기업으로 복제 불가능한 QR 기술과 ESG 데이터 관리를 결합한 고도화된 SaaS 플랫폼을 통해 유통 투명성을 확보하고, 단순 정품인증을 넘어 제품 전 생애주기의 데이터를 자산화하여 브랜드 가치를 보호하며, 글로벌 공급망 관리의 표준을 제시하는 기업임.",
링크루트,정보통신,2025.04.02,이현호,http://linkroute.im/,2025.12,김기사랩,"링픽은 온라인에 흩어진 정보를 AI로 분석해 링크를 한곳에 저장·관리하는 AI 통합 솔루션이다. 사용자가 저장한 링크를 기반으로 콘텐츠를 자동으로 정리·비교·추천하며, 구매까지 이어지는 End-to-End 전환 여정을 지원한다. 별도의 학습 없이 링크 저장만으로 AI 기반 의사결정을 가능하게 한다.",
포테이토넷,정보통신,2022.05.27,신경아,http://potatonet.ai/,2025.12,그래비티벤처스,디지털 체인 원리를 이용한 은닉탐지 원천기술을 활용해악성 웹을 감지하고 차단하는 혁신적인 보안 솔루션을 개발하여안전한 디지털 환경을 만드는데 기여합니다.,
클라즈,정보통신,2024.02.23,홍연구,http://,2025.12,국민대학교기술지주,"(주)클라즈는 AI 기반 G2P 및 음소 단위 분석 기술로 한국어 발음 교육의 혁신을 선도합니다. 기존 한국어 발음평가 기술의 한계를 넘어 멀티모달 데이터 기반의 정밀 진단과 실시간 교정 가이드로 차별화된 학습 효과를 제공합니다. 관련된 핵심 특허와 방대한 음원 데이터를 바탕으로 고도의 정확도를 지향하며 , B2B/G 및 B2C 모델을 통해 글로벌 에듀테크 시장을 선점해 나갈 것입니다.",
프리더스,지식서비스,2025.01.19,박상언,http://quedot.co.kr/,2025.12,경기창조경제혁신센터,"주식회사 프리더스는 육아맘의 선택 피로를 해결하는 AI 기반 육아 커머스 플랫폼 ‘큐닷(Quedot)’을 운영합니다. 방대한 리뷰와 상품 정보를 AI로 비교·분석하고, 맘 큐레이터의 2차 검증을 통해 신뢰할 수 있는 공동구매 경험을 제공합니다. PB 브랜드 ‘프루가닉’를 통해 검증된 기준의 유아식품·육아용품을 직접 기획·출시하며, 데이터 기반 육아 소비의 새로운 기준을 만들어갑니다.",
언브릿지,전기전자,2022.12.28,김치원,http://onbridge.kr,2025.12,경기창조경제혁신센터,"미래 세대와 그들에게 남겨질 자원, 그리고 환경을 배려하기 위해 배터리의 생산, 평가, 폐기로 이어지는 배터리 자원 순환의 밸류 체인을 완성할 기업입니다. 정밀하고 효율적인 장비 및 솔루션을 토대로, 배터리의 성능, 잔존 성능, 미래 성능 예측을 제공합니다.",
아이디랩스,기계·소재,2023.07.24,김진균,http://,2025.12,경기창조경제혁신센터,"『아이디랩스 주식회사』는 제조 AX 얼라이언스(M.AX)에 혁신을 이끌 교원창업기업으로 E-NVH 전동화 시스템(자동차, 로봇, 산업용모터 등), 제조장비(다축가공기, 정밀기기, 모터 등) 및 설비(배관, 동력전달계 등)의 고정밀 성능 예측(NVH, 온도, 내구, 가진력 등), 설계/시험 가속화 및 제어 솔루션을 제공을 위한 “세계 최고” 수준의 “디지털트윈 기반 가상센서 SW 선도 기업”",
엔디비,기계·소재,2025.04.11,주형진,http://,2025.12,호서대학교 산학협력단,"㈜엔디비는 전기차 충전기의 유지보수 업무를 현재의 후행적 대응에서 선행적 대응으로 패러다임을 변화시키는 목표를 가지고, AI 기반 유지보수 플랫폼을 개발하고 운영하는 사업을 추진하고 있습니다. 창업 첫 해 예비창업자 및 TIPS에 선정되어 빠른 속도로 사업을 전개하고 있습니다. 임직원의 80% 이상이 엔지니어이고, 100% 석사 이상의 인력으로 구성되어 사업에 필요한 핵심역량과 전문성을 확보하고 있습니다.",
만든다,정보통신,2020.10.08,박상현,http://www.baaam.io/,2025.12,한국투자액셀러레이터,"주식회사 만든다는 게임 업계 출신 베테랑 개발자로 구성된 스타트업으로, 다양한 서비스에 게임 원리를 적용하여 사용자의 몰입도과 재방문율을 제고하는 게이미피케이션 전문가 그룹입니다. 현재 크리에이터와 브랜드가 협업하는 제휴(affiliate) 마케팅에 게임을 융합한 빰!을 서비스하고 있습니다.",
팜큐,정보통신,2025.10.24,문다현,http://pharmq.co.kr,2025.12,필로소피아벤처스,"팜큐는 LLM RAG 기반의 AI-PAS(지능형 처방 점검)와 다중 조제 검수 시스템을 결합한 통합 OS를 통해, 처방부터 조제·배송까지의 전 과정을 자동화하고 복약 안전성을 획기적으로 높이는 지능형 디지털 약국 플랫폼을 제공함.",
씨테크랩스,정보통신,2024.12.04,김태현,http://seatechlabs.co.kr/,2025.12,필로소피아벤처스,"스마트양식에서 어류 행동과 환경 변화로 급이 편차가 발생하는 문제를 해결하기 위해 MCU 기반 정밀 제어와 Edge-AI 기술을 결합한 지능형 급이 제어 시스템을 개발함. 미세제어, 회전 오차 자동 보정, 이상상황 감지·자율 복구 기능을 통해 높은 정확도와 안정성을 확보하였으며, 실증 연구소 검증을 통해 성장률·사료효율 개선 효과를 확인하여 보급형·프리미엄형 솔루션으로 확장 중임",
원모어시큐리티,정보통신,2019.01.31,김민식,http://www.omsecurity.kr,2025.12,플랜에이치벤처스,"AI와 정보보호 기술을 기반으로 스마트시티 안전-보안 서비스를 제공하는 스타트업입니다. 지능형 영상 분석, FIDO 인증 서비스를 핵심 사업으로 하며, NEP 신제품 인증, 조달우수제품, 조달혁신제품, 과기정통부 우수정보보호제품 지정 등 다수의 주요 공인 인증을 확보하고 있습니다. 기술 신용 평가에서 중소기업이 받을 수 있는 최고 등급인 TI-2 등급을 획득하였습니니다. 글로벌 안전 플랫폼 기업으로 성장해 나갈 것 입니다.",
인터뷰,지식서비스,2025.06.26,박성민,http://interviewcorp.co.kr,2025.12,탭엔젤파트너스,"(주)인터뷰는 RAG 기반 인공지능 플랫폼  ‘TIKITAKA Korea'을 통해 무슬림의 종교적 특성(기도시간·샤리아·성별 분리·할랄 인증 등)을 반영한 무슬림 친화 K-의료·뷰티·웰니스 콘텐츠 상품거래와 무슬림 친화 체험형 관광 콘텐츠(헬스케어 기관, 숙박, 식당, 타임스케쥴, 동선 등 반영) 케어케이션(Carecation) 및 Edu-cation 등의 상품 등의 기획 및 판매.",
아팩스,정보통신,2021.12.16,오세환,http://,2025.12,킹슬리벤처스,"주식회사 아팩스(APEX)는 스마트 홈 네트워크 시스템의 설계, 구축 및 최적화 솔루션을 제공하는 전문 기업입니다.스마트홈 인프라의 고도화와 함께 증가하는 보안 위협에 대응하여, 네트워크 보안 및 AI 기반 사이버보안 기술을 접목한 스마트홈 보안 시스템으로 사업을 확대 중입니다.지능형 보안 기술과 안정적인 시스템 아키텍처 구현 역량을 기반으로,차세대 스마트홈 환경에 최적화된 통합 보안 솔루션을 제공합니다.",
디티나우,정보통신,2022.09.26,엄세영,http://www.dtnow.co.kr/,2025.12,킹슬리벤처스,"디티나우는 삼성SDS Brity Automation 공식 파트너사로, RPA 구축·운영·유지보수 및 쉐어드서비스센터 운영을 전문으로 하는 자동화 솔루션 기업입니다. 외산 RPA의 국산 전환과 AI 기반 업무혁신을 통해 기업의 디지털 전환을 지원하고 있습니다.",
오톤도,정보통신,2024.01.18,김경묵,http://www.otondo.co.kr,2025.12,킹고스프링,"20년간 인테리어와 온라인 테크를 경험한 창업팀은 시장 디지털 혁신이 사명임. 3D인테리어 설계솔루션, 실시간 토탈견적시스템, 맞춤가구 제조연동시스템을 통해, 인테리어 산업의 표준화/전문화/투명화를 이루고자 함. 누구나 쉽고 빠르게 3D로 인테리어를 상상한 대로 설계하고, 원하는 디자인과 규격대로 맞춤가구를 제공하는 세계 최고 회사가 될 것임. 2032년에 국내 인테리어 온라인 매출을 7천억 달성 하는 것이 재무 목표.",
에코드인,정보통신,2022.06.03,김지환,http://www.eclelab.com,2025.12,킹고스프링,에코드인은 AI/IoT 기술을 활용하여 자원재순환을 창출하는 가전 기기를 제조하는 기업입니다.소비자 편의를 증대하는 가전에서 머물지 않고 자원순환과 환경 친화적인 인프라를 조성하여 실질적인 친환경 비즈니스를 만듭니다.,
커런트닷컴퍼니,정보통신,2024.11.05,도원동,http://www.pluspot.co.kr,2025.12,충북창조경제혁신센터,"단거리 이동의 혁신을 위해 개인형 이동수단의 운영관리 문제점을 혁신하여, 주차 문제 및 충전관리 문제를 해결하는 기업. 효율적이고 사회에 수용되는 운영방식으로 단거리 이동의 패러다임을 바꾸고 궁극적으로 자율주행 배달로봇 등 라스트 마일 Fleet의 운영 솔루션으로 발전 목표",
이볼브,정보통신,2025.05.02,신동수,http://www.evolv.kr/,2025.12,젠엑시스,"주식회사 이볼브는 AI 기반 B2B 영업 최적화 솔루션 셀데이를 개발하는 기업입니다.제품 문서 자동 분석으로 유망 고객을 추천하고, 맞춤형 제안서를 AI가 생성하며, 영업 활동을 실시간 분석해 단계별 가이드를 제공합니다.파일럿 버전에서 영업 효율 340% 향상, 전환율 30% 증가 등의 성과를 검증했습니다. 삼성증권·한국투자증권 CRM 구축 경험의 10년차 이상 전문가들이 설립했습니다.",
피치인터랙티브,정보통신,2025.05.23,조만수,http://www.rorr.club,2025.12,인포뱅크,"피치인터랙티브는 AI 기반 데이터 시각화와 인터랙티브 분석 솔루션을 개발하는 기업입니다. 머신러닝과 자연어 처리 기술을 활용해 복잡한 데이터를 구조화하고, 실시간 예측 분석과 맞춤형 시각화를 제공합니다. 특히 e스포츠·스포츠 분야에 AI 컴패니언을 적용해 참여형 시청 모델을 구축, 팬 경험을 혁신하고 데이터 중심의 인사이트를 창출합니다.",
파인더갭,정보통신,2022.05.20,김오중,http://findthegap.co.kr,2025.12,인포뱅크,파인더갭 주식회사는 AI 자동분석·Crowd 점검·보안 자동화를 통합한 국내 유일의 상시 보안 진단 플랫폼을 기반으로 공공·민간·글로벌 시장에서 확장성을 확보한 정보보호 기술 기업입니다.,
큐팁,정보통신,2025.01.03,최동혁,http://cutib.com/,2025.12,인포뱅크,"Cutib은 생성형 AI 영상 제작 과정에서 발생하는 툴·에셋·버전·비용의 파편화를 해결하기 위해, 기획부터 생성·편집·협업·예산관리까지 한 번에 수행하는 웹 스트리밍 기반 AI 영상 제작 도구 “GenPM”을 개발합니다.",
낭만아지트,정보통신,2025.07.04,정채원,http://myhouse.ai.kr,2025.12,인포뱅크,"낭만아지트는 주거 선택의 어려움을 줄이기 위해 부동산에 AI 기술을 접목한 프롭테크 기업입니다. 낭만아지트의 서비스인 '나만의집'은 부동산에 특화된 생성형 AI를 바탕으로 검색 대신 대화로 원하는 조건의 집을 찾는 새로운 방식의 서비스를 제공합니다. 소비자에게 맞춤형 서비스를 제공하는 부동산 3세대 서비스로, 누구나 쉽고 편리하게 집을 찾을 수 있는 경험을 제공합니다.",
션앤파트너스,지식서비스,2025.03.14,박상태,http://www.shawnnp.com,2025.12,인라이트벤처스(주),"(주)션앤파트너스는 보험 DB 시장의 저효율과 고객 개인정보 유출 문제, 불공정한 수익 배분 문제를 해결하는 Web3·AI 기반 'half N half' 플랫폼 개발 회사 입니다. AI 공정 보상 시스템과 블록체인 보안을 통해 고효율 거래 생태계를 구축하고, 데이터 주권 회복을 위해 노력합니다.",
어그레이트,지식서비스,2022.10.20,김정묵,http://,2025.12,윤민창의투자재단,"실제 농산물 생산 및 유통 데이터를 기반으로 AI 수급 예측 및 재배 설계 시스템을 개발하고 있습니다. 가상 시뮬레이션 기반 의사결정을 도입해 과잉 생산과 공급 부족을 줄이고, 실증 데이터를 현장 운영에 직접 적용하여 생산 효율성과 사업화 경쟁력을 동시에 구현하고 있습니다.",
레저디,정보통신,2025.07.15,고소연,http://www.leisuredy.com,2025.12,윤민창의투자재단,"레저디는 생성형 AI와 데이터 기반 최적화 기술을 활용해 스포츠 강습 콘텐츠 생성부터 가격·정원·운영까지 자동화하는 AI 기반 스포츠 레저 플랫폼입니다. 강사와 소비자를 연결해 개인화된 강습 경험을 제공하고, 운영 효율과 수익성을 동시에 높입니다.",
퀀타이즈랩스,정보통신,2024.09.23,정경민,http://www.quansume.com,2025.12,유니스트기술지주,"퀀타이즈랩스는 초단기 렌탈 운영 효율화를 목표로 AI 기반 추천·수요예측 통합 기술을 개발 및 운영중임. 이용자 성향과 이력, 재고·지역·시간대 데이터를 분석해 개인화된 추천과 정밀한 수요예측을 제공하며, 이를 통해 재고 회전율을 높이고 운영 비용과 리스크를 최소화함. 데이터 기반 의사결정을 통해 소비자에게는 합리적인 체험과 구매 판단을, 사업자에게는 효율적인 초단기 렌탈 운영 환경을 제공하는 플랫폼을 구축하고 있음.",
씨엘에프와이,정보통신,2025.11.28,김시현,http://clfy.ai.kr,2025.12,유니스트기술지주,"씨엘에프와이(CLFY) 는 크리에이터와 브랜드가 댓글 스트레스 없이 콘텐츠에만 집중할 수 있도록 돕는 AI 댓글 관리 서비스입니다.한국어에 특화된 자체 악성댓글 탐지 모델과 스팸·피싱 링크 탐지 기술을 기반으로, 유튜브를 시작으로 인스타그램, 틱톡, 네이버 블로그 등으로 서비스 영역을 확대하고 있습니다.",
춘옥컴퍼니,정보통신,2024.05.14,허찬,http://,2025.12,울산창조경제혁신센터,"춘옥컴퍼니는 실제 임상데이터 기반의 수의학 AI 에이전트를 개발하는 기업입니다. SOAP 기반 진료기록 표준화와 지식그래프·RAG·xAI 기술을 적용한 신뢰도 검증형 의사결정 지원 시스템을 구축하며, 수의사가 신뢰하고 실제 진료에 활용할 수 있는 임상 워크플로우가 최적화된 수의 전문 LLM을 제공합니다.",
아리닷에이아이,정보통신,2024.06.19,김주연,http://ariai.io,2025.12,울산창조경제혁신센터,"아리닷에이아이는 UNIST 교수가 창업한 World Model AI 전문 기업입니다. e스포츠 AI (GLPT) 상용화 역량을 토대로 헬스케어 서비스를 구축하고 있습니다. Top-tier 학계의 연구 우수성과 사업적 실행력을 동시에 보유한 산학 밀착형 구조를 강점으로 하며, 인공지능 기술을 통해 인간의 한계를 뛰어넘는 새로운 비즈니스 가치를 창출하는 것을 목표로 합니다",
레드슬리퍼스,정보통신,2019.07.29,이성환,http://www.redslippers.life,2025.12,와이앤아처,"레드슬리퍼스는 아티스트의 ‘가치’와 ‘수익’을 연결하는 팬덤 기반 투자·보상 플랫폼 스타글로우(STARGLOW)를 운영합니다. 데이터로 아티스트를 평가하고, 팬 참여를 통해 프로젝트를 성장시키며, 공연·팬미팅·MD 등 IP 비즈니스까지 확장해 아티스트의 부가가치를 높입니다. 글로벌 파트너십과 실전 제작 역량으로 새로운 엔터테크 생태계를 만듭니다.",
다이브엑스알,정보통신,2021.07.22,박선영,http://www.divexr.co.kr,2025.12,와이앤아처,"다이브엑스알(DIVEXR)은 글로벌 보드게임 IP를 VR·MR로 확장하는 XR 콘텐츠 스타트업입니다. Table Party를 통해 소셜 멀티플레이 보드게임 경험을 제공하며, 차세대 XR 보드게임 생태계를 구축하고 있습니다.",
해바캄,전기전자,2023.05.23,윤동혁,http://havacam.co.kr/,2025.12,엠와이소셜컴퍼니,"㈜해바캄은 모기 생리적 특성에 대한 분석을 기반으로 유인 기술과 IoT 제어 기술을 결합한 스마트 방역 솔루션을 개발하는 기업입니다. 현장에서 축적된 실증 경험을 바탕으로 포충기와 유인제, 데이터 기반 관리 구조를 통합 설계하고 있으며, 지속 가능한 방역 관리 시스템 구축을 목표로 연구개발을 하고 있습니다. 또한 해충 데이터 분석을 기반으로 방역 효율을 고도화하고, 디지털 방역 관리 플랫폼으로의 확장을 추진하고 있습니다.",
트립빌더,정보통신,2022.01.03,김명준,http://www.tripbuilder.co.kr,2025.12,엠와이소셜컴퍼니,"주식회사 트립빌더는 관광 분야 특화형 sLLM을 활용한 여행 전체 과정 컨시어지 서비스를 제공하는 AI 여행비서를 공급/운영하는 트래블테크 기업입니다. AI 여행비서는 OTA, SNS, Map 플랫폼의 강점을 LLM을 기반으로 융합한 차세대 맞춤 관광 포털로 맞춤 답변 제공시 구매가능성이 높은 관광 상품 및 콘텐츠를 함께 노출하여 단시간 빠른 구매&의사결정을 돕습니다.",
워크원오원,정보통신,2023.05.31,채동식,http://www.walk101.co.kr/,2025.12,엠와이소셜컴퍼니,워크원오원은 AI 기반 근골격계 X-ray 판독보조 소프트웨어 LMSM을 개발하는 기업입니다. LMSM은 X-ray 영상에서 디지털 바이오마커를 자동 산출하여 의료진의 판독을 보조하는 소프트웨어 의료기기입니다. 국내외 대학병원에서 다기관 PoC를 진행하며 실제 임상환경에 최적화된 워크플로우를 제공하고 있습니다. 또한 고품질 자사 데이터와 품질·보안 관련 인증을 기반으로 알고리즘 성능을 지속 고도화하며 신뢰성 높은 솔루션을 제공하고 있습니다.,
엘머티,화학,2025.03.30,김정렬,http://l-materials.com,2025.12,엠와이소셜컴퍼니,"고분자 중합 기술 기반의 첨단 소재 기업입니다. 폐배터리 재활용 선별 효율을 높이는 난연·내열 식별 라벨용 점착제를 개발합니다. 독자적인 반응형 설계로 점착력과 내열성80℃ ↑), 난연성(UL94 VTM-0)의 상충 관계를 극복했으며, 비할로겐계 친환경 소재로 글로벌 규제에 대응합니다. 이를 통해 선별 공정 자동화와 화재 안전을 실현하고, 향후 반도체 및 디스플레이 등 초고부가가치 시장으로 사업을 확장할 계획입니다.",
씨에스피,정보통신,2024.11.15,민욱조,http://cspinc.kr,2025.12,엠와이소셜컴퍼니,"CSP는 지역의 문제를 사업 아이디어로 전환해 실제 매출로 연결하는 실행형 로컬 성장 파트너(Local Growth Partner)입니다. 단순 컨설팅을 넘어 지역 브랜드·공간·콘텐츠를 직접 기획·운영하며 도시의 지속 가능한 성장을 추구합니다. 팁스 과제를 통해 로컬 기업의 성장을 돕는 기술 기반 모델을 고도화해, 지역이 스스로 작동하는 생태계를 구축하고자 합니다.",
뉴톤,기계·소재,2024.03.13,류광남,http://newtonne.io,2025.12,엠와이소셜컴퍼니,"뉴톤은 글로벌 dMRV 기술을 통합해 아시아 현장에 공급하는 탄소 시장의 안드로이드(OS)'입니다. GGGI 등 국제기구와 협력해 검증된 글로벌 센서·솔루션의 판권을 확보하고, 이를 자사의 '데이터 연동 미들웨어(Edge S/W)'와 결합해 기술 장벽을 제거합니다. 우리는 파편화된 기기들과 금융기관을 연결하는 표준 데이터 인터페이스를 구축합니다.",
트루스마일테크놀러지,정보통신,2025.05.08,문홍열,http://www.truesmiletech.com/  ,2025.12,알파브라더스,"동사는 치과임상 멀티 모달 이미지·구강 스캔 데이터(X-ray, CBCT 등)와 환자 임상기록을 결합해 진료 편차(오진/과잉진료)를 줄이고, 병원 효율성을 해결하는 AI 솔루션 개발하고자 설립하였으며 크게 아래 2가지 영역에 성과를 창출하고자 함1. 치과 임상 멀티모달 데이터 셋 및 AI 모델 개발2. 치과 임상진단  및 치료지침 지원 솔루션 상용화",
테라마임,정보통신,2024.08.29,박재준,http://www.teramime.com,2025.12,씨엔티테크,"테라마임은 AI 기술을 활용해 급변하는 디지털 환경의 보안 위협을 해결하기 위해 설립됨. 딥페이크와 합성영상 등 새로운 공격에 대응하기 위해, 얼굴인식과 입술발화를 결합한 AI 인증 기술을 통해 보다 정확하고 안전한 인증 체계를 구현하고자 함. 사업 목표는 이 기술을 기반으로 한 실시간 2Factor 인증 시스템을 글로벌 표준 수준으로 상용화하는 것임.",
타이디비,정보통신,2021.06.11,장종화,http://tidy-b.com,2025.12,씨엔티테크,"타이디비는 소상공인이 겪는 브랜딩 전문성부족, 높은 브랜딩비용/시간 부족 문제를 해결하는 생성형 AI 기반 올인원 브랜딩 자동화 플랫폼입니다. AI가 브랜드 전략 수립> 로고·컬러·타이포그래피 생성>광고·SNS 콘텐츠 제작>다채널자동게시>성과 분석까지 전 과정을 자동화하여, 비전문가도 일관된 온브랜드 디자인을 쉽고 저렴하게 운영할 수 있는 올인원 AI 브랜딩 자동화 플랫폼입니다.",
업티브,정보통신,2025.07.30,손정윤,http://www.uptive-korea.com,2025.12,씨엔티테크,"모바일 디바이스의 실시간 위치 수집 및 분석, 그리고 특정 위치 지오펜싱 설정 기반 푸시 알림 서비스를 제공해 주는 SDK 솔루션을 제공하는 기업입니다. 오프라인 위치 데이터를 마케팅 목적으로 활용하고자 하는 브랜드앱 운영사는 단순 SDK 연동을 통해 간편하게 기능 및 서비스를 도입할 수 있고 AI를 분석 서비스를 통해 수집된 데이터 기반 인사이트 또한 확보 할 수 있습니다.",
모건,지식서비스,2023.06.28,정주일,http://twoday.co.kr/,2025.12,씨엔티테크,"주식회사 모건은 K-브랜드 글로벌 역직구 플랫폼 ‘Twoday(2DAY)’ 운영사로, TIPS R&D를 통해 AI·빅데이터 기반 맞춤 추천과 수요예측·자동발주, 결제·배송을 통합 자동화합니다. 판매자 운영 부담을 줄이고 해외 고객의 구매·배송 경험을 개선합니다.",
리라운더,화학,2025.10.02,홍유리,http://www.nafal.info,2025.12,씨엔티테크,"리라운더는 환경 실천이 부담이 아닌 수익과 기회가 되는 구조를 설계하여 시장에서 작동하는 ESG를 구현하는 혁신 스타트업입니다. 핵심 서비스 나팔은 단기 행사 후 버려지던 특별한 유휴 자산을 경매를 통해 순환시키는 프리미엄 ESG 경매 플랫폼입니다. 기업은 폐기 비용 절감, ESG 성과 및 매출을 얻고, 소비자는 리미티드 아이템을 가치 소비합니다. LG전자 등 대기업과 PoC를 진행하며 자원 순환 시장의 새로운 패러다임을 만들고 있습니다.",
루센인베스트,정보통신,2025.08.28,김진욱,http://,2025.12,씨엔티테크,"AI 기반 스타트업 성장금융 플라이휠 플랫폼⦁스타트업-주주-투자사가 하나의 생태계 내에서 성장, 경영관리, 회수까지 전주기를 표준화하여 자동화·지능화를 지원하는 성장금융 플라이휠 플랫폼으로, AI SR/IR Copilot: / AI 주주비서 / 데이터기반 가치밴드 엔진 / Exit Marketplace 서비스를 추구",
라이스밸류,바이오의료,2024.09.02,진봉균,http://www.instagram.com/ricevalue_official,2025.12,씨엔티테크,"우리나라의 단백질원료 시장은 유청이나 대두를 주로 사용하고 있으며, 대부분이 수입에 의존하고 있습니다.  라이스밸류는 쌀의 도정과정에서 나오는 부산물을 활용해 고순도의 쌀단백질을 제조하는 업사이클링 푸드테크 기업입니다.  특허 받은 공정으로, 글루텐 프리, 비건, 채식주의자, 코셔, Non-GMO 식품을 원하는지 여부에 관계없이 모든 고객을 위한 더 나은 제품을 제조하고 소비하는 데 도움이 되는 대안을 제시합니다.",
뉴런소프트,정보통신,2024.10.21,최영재,http://www.passnote.co.kr,2025.12,씨엔티테크,뉴런소프트는 중·고교 사설모의고사 생성 AI와 전자책 유통·필기 플랫폼  ‘패스노트’ 를 운영하고 있습니다.,
팀카이,정보통신,2024.11.18,김도아,http://www.teamkai.kr/,2025.12,스파크랩,"팀카이는 복잡한 고객 응대 데이터를 AI로 자산화해 기업의 자율 운영을 실현하는 AI 에이전트 솔루션 기업입니다. 단순 챗봇을 넘어, 기업의 지식을 학습하고 복잡한 업무까지 스스로 완결하는 차세대 ‘AI Agent OS’를 제공합니다. 비정형 데이터 분석과 워크플로우 자동화로 운영 효율을 극대화하여, 기업이 고객 가치 창출이라는 본질에 집중할 수 있는 혁신적인 환경을 만듭니다.",
캐노피,정보통신,2024.04.05,이인후,http://canopy.im,2025.12,스마일게이트인베스트먼트,"캐노피는 출퇴근 데이터를 실시간 근로시간으로 변환하여 사용자에게 표시하고, 근로자는 필요 시 즉시 출금할 수 있으며, 근로자 개인의 비금융 데이터를 처리하여 AI 대안신용평가 엔진으로 확장하여 장기적으로 개인의 건전한 금융습관 형성을 지원하는 것을 목표로 함.",
나노브리지,화학,2025.05.28,김은지,http://www.nanobridge.co.kr,2025.12,소풍벤처스,"나노브리지는 나노탄소소재 생산 기술과 복합소재 설계 기술을 바탕으로 전기차 배터리 열폭주 방지를 위한 이방성 방염·방열 코팅액을 개발·제조하고 있으며, 열 확산과 제어, 화염 전이 억제를 동시에 구현하여 차세대 전기차의 안정성 향상을 위한 맞춤형 솔루션을 제공하고 있음",
인피니티랩스,화학,2024.09.20,홍다정,http://infilabs.co.kr,2025.12,선보엔젤파트너스,,
아로아랩스,정보통신,2020.08.26,김재헌,http://aoroa.ai,2025.12,선보엔젤파트너스,"주식회사 아로아랩스(AOROA LABS)는 AI 기반으로 국제 물류 시장의 불확실성을 줄이고 ‘신뢰(Trust)’와 ‘표준(Standard)’을 제시하는 차세대 물류 플랫폼 기업입니다. ERP–플랫폼–AI 파이프라인을 유기적으로 연결해 디지털 물류 생태계를 구축하고, 글로벌 표준 물류 플랫폼으로 도약하고자 합니다.",
빅웨이브카,정보통신,2024.05.16,오신원,http://www.bigwavecar.com,2025.12,선보엔젤파트너스,"빅웨이브카는 한국의 자동차 재활용 사업을 선도하는 기업으로 자동차 재활용 분야 시스템 구축 및 순환 자원의 거래를 활성화 하는 목적으로 설립된 회사로, 본 팁스 과정을 통해서 자동차 부품 분야 AI 적용한 미래 예측 모델을 구현하고자 합니다.",
레비오사에이아이,정보통신,2025.09.04,주하람,http://leviosa.ai.kr,2025.12,서울대학교기술지주,"레비오사 AI는 전자상거래 셀러의 반복 업무를 자동화하는 AI 기반 SaaS를 개발하는 기업이다. 판매 데이터와 피드백 루프 기술을 활용해 상품 발굴, 등록, 가격·재고 관리 등 운영 전 과정을 자동화함으로써 셀러의 시간과 비용을 절감하고 매출 효율을 높이는 것을 목표로 한다. TIPS 과제를 통해 기술 고도화를 추진 중이다.",
더서비스플랫폼,정보통신,2020.06.28,김용운,http://www.theservice.ai,2025.12,블리스바인벤처스,더서비스플랫폼은 온라인이커머스로 상품을 구매하는 단기방문 외국인 여행자를 대상으로 상품의 수령 및 세금환급을 제공하는 SCM 솔루션을 제공하는 기업입니다.,
재미스튜디오,정보통신,2024.11.15,임우재,http://gemmy.studio/,2025.12,블루포인트파트너스,"AI 인력 부재 기업을 위한 End-to-End 인텔리전스 솔루션 DAIOps 개발DAIOps는 데이터 통합 레이어와 데이터-AI 파이프라인 모듈로 구성중소기업의 AI 전환(AX, AI Transformation) 컨설팅 및 기술사업화 지원데이터 기반 의사결정 체계 구축 및 AI 활용 역량 강화 지원추후 플랫폼 형태와 마켓플레이스로 사업을 확장시켜 AI 솔루션 유통과 활용을 활성화하고 AI 협업 생태계 조성 추진 계획",
더모스트그룹,지식서비스,2020.06.24,최문한,http://amunt.co.kr/index/vcfseoul,2025.12,블루포인트파트너스,스포츠 교육시장의 데이터 부재로 인한 성장관리 공백의 문제를 DX 기반으로 해결하는 축구 교실 브랜드를 개발하여 운영중입니다.오프라인 지점 사업을 통해 확보된 데이터를 기반으로 축구를 가장 쉽고 재밌게 즐길 수 있는 버티컬 온∙오프라인 통합 플랫폼으로 확장해 나가고 있습니다.,
키라앤컴퍼니,정보통신,2025.05.08,박혁,http://katsby.io,2025.12,브이엔티지,"키라앤컴퍼니는 금융 초보자를 위한 AI 금융 학습·추천 플랫폼 Katsby를 운영하는 에듀핀테크 스타트업입니다. 퀴즈·미션 기반의 짧은 학습과 행동 데이터를 결합해 사용자의 금융 이해도와 의사결정 흐름을 분석하고, 개인 맞춤형 금융 전략과 상품을 연결하는 AI 추천 기술을 개발하고 있습니다.",
제로,정보통신,2025.03.07,허진혁,http://zerostudio.co.kr,2025.12,부산지역대학연합기술지주,"사용자 경험을 혁신하기 위해 끊임없이 노력하는 B2B, AI 솔루션 전문 기업",
홀로시브,정보통신,2023.06.02,"오병일, 주영진",http://holoceive.com/,2025.12,매쉬업벤처스,"홀로시브는 증강현실 및 3D 비전 기술로 오프라인 굿즈에 생명을 불어넣는 기술 혁신 기업입니다. 삼성전자 XR 개발자 출신과 일본 콘텐츠 전문가들이 모여, 단순히 소유에 머물렀던 굿즈를 상호작용이 가능한 디지털 경험으로 확장하고 있습니다. 실물 인증부터 다중 객체 추적까지 독보적인 인식 엔진을 개발하고 있으며, 일본 애니메이트와의 협업 성과를 바탕으로 전 세계 수집가들에게 새로운 가치를 제공하는 글로벌 AR 플랫폼으로 도약하고자 합니다.",
와이브릿지,정보통신,2023.07.24,강혜정,http://,2025.12,리벤처스,"""기업의 바른 성장"" 이라는 미션 아래 기업이 신뢰를 기반으로 자율적 내부통제를 실현할 수 있도록 AI 기술을 통한 솔루션을 개발하는 기업",
에이엠에이,정보통신,2025.05.28,김제이장업(KIM JAY JANGUP),http://,2025.12,리벤처스,"AMA는 아티스트가 글로벌 시장에서 활동할 수 있도록 돕는 IP 기반 엔터테인먼트·테크 기업입니다. 아티스트가 지닌 강력한 스토리텔링·팬덤·퍼포먼스 경쟁력을 글로벌 시장의 구조 변화 속에서 다시 확장시키는 것을 목표로, 전통 엔터테인먼트 운영 방식과 기술을 결합한 새로운 형태의 IP 비즈니스 모델입니다.",
쉘비빌,지식서비스,2025.06.01,이준석,http://,2025.12,리벤처스,"동사는 다수의 패션 브랜드를 성공적으로 창업 및 매각한 이력을 가진 창업팀으로, 해외 OEM 제조 공장 정보를 체계적으로 통합·관리하는 글로벌 제조 모니터링 SaaS 플랫폼을 개발 중입니다.",
레인보우컴퍼니,지식서비스,2022.11.01,박지호,http://nupyar.com/,2025.12,리벤처스,레인보우컴퍼니는 WebAR 기술 기반의 인터랙티브 콘텐츠 플랫폼 ‘NUPY’를 개발하는 기술 스타트업입니다. 이미지 인식 및 몰입형 콘텐츠 기술을 바탕으로 팬덤 대상 맞춤형 디지털·피지컬 경험을 제공합니다.,
리걸케어,정보통신,2020.10.26,김용범,http://www.revieworks.com,2025.12,로우파트너스,"리걸케어는 실제 환자의 의료기관 이용 후기(리뷰)를 기반으로 다양한 병원 마케팅 솔루션을 개발하고 있습니다. 주요 제품으로는 리뷰를 수집하고 관리하는 '리뷰매니저', 리뷰 작성및 게시를 돕는 '리뷰부스터', 실제 환자 치료케이스를 기반으로 컨텐츠를 작성하도록 돕는 '메디컨텐츠'가 있습니다. 현재 진짜 후기를 기반으로 병원평판을 조회하는 플랫폼을 개발하고 있습니다.",
티처라인,정보통신,2023.06.20,김경룡,http://www.hamaroom.com,2025.12,라이징에스벤처스,"주식회사 티처라인은 '교사가 가르치는 일에 집중할 수 있는 환경을 만들자'는 미션을 갖고 학교 현장의 정보 비대칭과 비효율을 AI와 솔루션으로 해결한다는 비전을 실현하는 스타트업입니다.현재 운영중인 프로덕트인 '하마룸'은 교사의 생활기록부 작성 시간을 혁신적으로 절감시켜주고 있으며, 장기적으로는 국내 생활기록부 Data와 수행평가 Data를 기반으로하는 대학 입학 설계 시장으로 확장을 꾀하고 있습니다.",
청년한우,기계·소재,2023.05.09,정성현,http://청년한우.kr/,2025.12,더인벤션랩,,
원루프,정보통신,2019.01.04,양승현,http://www.oneroof.co.kr,2025.12,더인벤션랩,"원루프(ONEROOF)는 1~2인 창업자와 디지털 워커를 위한 공간 운영 플랫폼 기업입니다. 코워킹카페 ‘원루프랩’을 직접 운영하며 축적한 현장 데이터를 기반으로, 출입·예약·결제·정산·운영을 통합 관리하는 공간 운영 솔루션과 AI 기반 운영 자동화 기술을 개발·제공합니다.",
랑펀미디어,지식서비스,2025.10.01,김형진,http://www.langfunmedia.com,2025.12,더벤처스,"랑펀미디어는 AI 기술로 미디어 운영을 혁신하는 미디어테크 스타트업입니다. 전 세계 데이터를 분석해 기사 소재와 기획안을 자동 제안하며, 생성형 엔진 최적화(GEO) 기술로 뉴스 유통 경쟁력을 강화합니다. 기자가 본연의 심층 분석에 집중할 수 있도록 운영 업무를 자동화하는 새로운 미디어 표준을 만들어가고 있습니다.",
카비언스,화학,2023.12.07,김진산,http://www.carbience.kr,2025.12,대덕벤처파트너스,"CCU산업의 문제점인 고에너지 사용과 낮은 경제성 극복을 위해 저에너지 소모 기술을 개발. 프로필렌카보네이트 제조시 고온/고압 공정을 이중촉매를 도입하고 고정화하여 온화한 조건으로 변경, 탄소감축효과를 높이고, 경제성을 확보.",
한국동물건강분석연구원,바이오의료,2025.02.26,유승현,http://www.kahl.co.kr,2025.12,뉴패러다임인베스트먼트,"한국동물건강분석연구원은 수의사가 직접 운영하는 반려동물 헬스케어 전문 기업으로, 모발 미네랄 분석을 기반으로 한 비침습적 건강 진단 서비스를 제공합니다. 축적된 임상 데이터와 분석 알고리즘을 바탕으로 영양 불균형, 대사 상태, 노령성 위험 요인을 정밀하게 평가하며, 맞춤형 관리 솔루션을 통해 반려동물의 삶의 질 향상과 보호자의 합리적인 건강 관리를 지원합니다.",
큐로텍,바이오의료,2024.02.28,허권,http://www.curotek.co.kr,2025.12,고려대학교기술지주,주식회사 큐로텍은 비접촉·비침습 방식으로 바이털사인과 바이오마커를 수집·분석하는 AI 시니어 헬스케어 기업입니다. 질환 발생 이전 위험을 예측하는 예방 중심의 디지털 헬스케어 플랫폼을 통해 고령자의 안전하고 지속 가능한 건강관리를 제공합니다.,
정우마루,정보통신,2024.09.13,최의순,http://realdataecho.com/,2025.12,고려대학교기술지주,"정우마루는 Generative AI 기반 프라이버시 보장형 정형 합성데이터 생성 및 품질검증 솔루션을 개발하는 데이터 전문 기업입니다. 금융·공공·의료 등 규제 산업에서 활용이 제한된 데이터를 안전한 합성데이터로 전환하여, AI 학습과 분석에 즉시 활용 가능한 고품질 데이터 자산으로 제공합니다.",
테스티파이,지식서비스,2024.10.07,정원영,http://www.testify.co.kr,2025.12,경기창조경제혁신센터,"테스티파이는 설립 1년 차 매출 30억 원을 돌파한 B2B QA 전문 기업입니다. 11년의 사업 역량을 바탕으로 테스트 일정 80% 단축 · 비용 55% 절감 · 결함 발견율 30% 향상이 가능한 ""생성형 AI 기반 SW QA 자동화 솔루션 ""을 개발하고 있습니다. 노동 집약적 한계를 넘어 퍼포먼스 중심의 기술 혁신 기업으로 도약하고 있습니다.",
로터스바이오,기계·소재,2025.08.14,신한승,http://www.lotusbio.co.kr,2025.12,경기창조경제혁신센터,"시각화 센서 기반 스마트 포장 기술을 개발, 농·축·수산물 품질·안전성 정보를 시각적으로 제공하는 스마트포장 지시계 제조기업. 핵심기술은 시간-온도 이력지시계(Time–Temperature Indicator, TTI)와 신선도 지시계(Freshness Indicator, FI)개발 및 제조. 이들은 pH 지시약, 효소 반응, 산화환원 염료 등 다양한 과학적 원리로 설계된 지능형 센서 시스템으로, 제품 품질변화 정보를 실시간으로 시각화하여 제공.",
제스트,정보통신,2024.04.22,정호건,http://zest.im,2025.12,강원대학교기술지주,"스마트 기술을 통해, 지속가능하고 회복력 있는 탄소중립 도시를 구현한다는 미션아래, 2024년 4월 설립되었으며, 탄소중립 최적화를 위한 디지털 트윈 융합형 프리콘 에이전트를 개발 및 운영하고 있습니다. 제로에너지 빌딩과 그린리모델링의 확산을 위해 필요한 엔지니어링 설계 에이전트를 통해서, 녹색 전환을 가속화하고 탄소중립 목표 달성을 위한 비용 절감과 중소건설사의 디지털 전환을 돕고 있습니다.",
이노라이트,정보통신,2025.10.13.,한지훈,http://ww.inno-light.co.kr,2025.11,충남창조경제혁신센터,"이노라이트는 ‘4-in-1 실리콘 스트레인 게이지’ 원천 기술을 기반으로 초정밀 센서 및 스마트 액추에이터를 개발하는 딥테크 기업입니다. 기존 대비 원가를 50% 절감하고 내구성을 획기적으로 높인 혁신 기술로 미래 모빌리티 산업을 선도하며, 로봇의 정교한 힘 제어를 실현합니다. 우리는 단순 부품 제조를 넘어, 센싱과 구동이 결합된 피지컬 AI(Physical AI) 시대의 핵심 하드웨어 플랫폼 기업으로 도약하겠습니다.",
뉴럴디,정보통신,2023.09.13.,곽지호,http://www.neurald.ai.kr,2025.11,충북창조경제혁신센터,"㈜뉴럴디는 차량 탑재형 초고화질 이미징 및 AI 딥러닝 기술을 기반으로 광활한 지역에 분포된 전력 인프라와 국가 중요시설물(전력시설물·국방자산·송유관·플랜트·교량·터널) 의 실시간으로 상태를 자동 인식진단하는, Physical AI기반 이동형(고정) AI 자율점검진단 솔루션 ADS(AI Autonomous Diagnosis Solution)을 개발",
에스씨크리에이티브,정보통신,2020.03.23.,이복은,http://sccreative.kr							,2025.11,제주창조경제혁신센터,㈜에스씨크리에이티브는 인공지능 기반 콘텐츠·데이터 기술을 핵심 역량으로 보유한 기술기업입니다. 실감형 콘텐츠 제작과 AI  솔루션 개발을 통해 산업 현장의 디지털 전환을 지원하며 다수의 정부 R&D 과제 수행과 혁신·강소기업 인증을 통한 기술력 인증과 성장성을 검증받았습니다. 지역기반의 IT기업으로 양질의 일자리 창출과 지속 가능한 성장을 실현하고 있습니다.,
웰니스박스,바이오의료,2025.08.05.,권혁찬,http://wellnessbox.me/							,2025.11,인포뱅크,"건강검진 결과, 복약 이력, 생활습관 데이터를 기반으로 개인에게 필요한 영양제를 추천하고 복용 관리를 돕는 AI 헬스케어 기업입니다. 전문가 검증 기반의 영양제 조합을 제공하며, 복약 안전성과 상호작용 위험을 고려한 섭취 가이드를 제시합니다. 데이터 기반 문진, 알림, 추적 기능을 통해 복용 편의성과 지속률을 높이고, 오프라인 약국과 온라인 비대면 플랫폼 모두에서 활용 가능한 디지털 맞춤 영양 솔루션을 구축하고 있습니다.",
휴먼퍼포먼스랩,바이오의료,2021.09.06.,이태용,http://www.hplab.co.kr,2025.11,카이트창업가재단,"휴먼퍼포먼스랩은 대학 생체역학연구실에서 30년간 축적된 생체역학 연구를 바탕으로 발 질환을 조기에 예측하고 맞춤형 치료 및 예방 솔루션을 제공할 수 있는 AI기반 족부 분석 플랫폼을 개발하여 이를 통해 발 변형∙압력 예측, 맞춤형 인솔 설계, 위험 지표 분석, 임상 지원 리포트 생성이 가능한 통합 솔루션을 구축하여 의료∙헬스케어∙스포츠 분야에서 활용 가능한 인솔을 제공합니다.",
디어그린,정보통신,2023.02.20.,윤희도,http://www.deargreen.co.kr							,2025.11,인포뱅크,"디어그린은 IT를 활용한 친환경 활동, 즉 Green By IT를 추구하는 Green IT 기업으로 그 혁신을 전체 탄소의 37%가 발생하는 건물에서 시작합니다. 본 창업팀이 개발 중인 빌드그린은 IoT Edge Controller, 제어로직 편집 및 런타임 기반의 BEMS 자동화 모듈로 친환경 건축 확산에 기여하는 솔루션입니다.",
넥스젠,전기전자,2022.04.20.,김진우,http://www.volkhan.com							,2025.11,인포뱅크,"전기차 사용후 배터리의 잔존 성능을 정밀 평가해 선박, 특장차, 농기계, 소형 모빌리티, ESS 등 다양한 산업용으로 재사용 가능한 배터리 제품을 개발·양산하고 있습니다. 고출력에서도 안정성과 효율을 유지하는 구조 설계 기술을 기반으로 맞춤형 재사용 배터리 솔루션을 제공하며, ‘VOLKHAN’ 브랜드로 제품 라인업을 확대하고 있습니다.",
플릭던,정보통신,2025.01.16.,구본경,http://https://flickdone.com							,2025.11,인천창조경제혁신센터,"""시각장애인을 위한 접근성 솔루션을 개발하는 딥테크 기술기반 소셜벤처점자언어모델 및 AI SaaS에 의한 실시간 점자 번역/역번역스마트 점자프린터에 의한 실시간 점자 출력""",
큐이미징,전기전자,2024.02.14.,조성호,http://www.q-imaging.com							,2025.11,패스트트랙아시아,"""창업 멤버 모두 대기업 20년 이상 고경력 광학설계 및 반도체 석〮박사 출신이며, 대표자는 KAIST MBA 졸업으로 기술과 경영을 겸비하였으며, 핵심 보유 기술은 Mobile 렌즈 설계, 분자진단(PCR) Bio 광학장비 개발 , 머신비전 광학설계, 레이저광학 설계, 반도체 노광광학계 개발, DUV 검사 광학계 설계미션: 반도체 광학, 양자 이미징 분야의 글로벌 선도 기업비전: 유리 기판(TGV) 레이저가공 및 비전검사 장비 리더 """,
페스트페이스,정보통신,2023.12.20.,서양환,http://www.patrol360.io							,2025.11.,윤민창의투자재단,"㈜ 페스트페이스는 20년 평균 경력의 보안 전문가들이 설립한 네트워크 보안 기업입니다. 주력제품 patrol은 랜선만 연결만으로 즉시 작동하는 초소형 보안 센서로, 특허받은 기술을 통해 기존 네트워크 변경없이 통합 보안 기능을 제공하며, ai기반 자동 관제와 합리적인 구독모델로 전담인력이 부족한 중소기업의 보안 문제를 해결하며, 일본 등 글로벌 시장으로 확장하고 있습니다.",
따바프레스,기계·소재,2021.09.14.,김영지,http://tabacpress.info/							,2025.11,윤민창의투자재단,"홈퍼니싱 디자인 제품을 제조, 유통, 판매하는 기업으로 자체 커머스 브랜드 <로파서울>을 운영하고 이를통해 축적되는 제조/유통/판매 데이터를 정밀 분석하여, 실제 시장에서 검증된 ‘잘 팔리는 상품’을 사전에 기획·예측하고 자체 제조를 통해 구현하는 데이터 기반 상품 개발 체계를 구축함. 독특한 미감을 반영한 제품디자인과 가성비를 동시에 구현할 수 있도록 소재 선정, 설계, 제조 공정을 최적화하는 AI를 활용한  기술·노하우를 확보하려함",
에버블랙,정보통신,2025.07.10.,박인규,http://www.aienchant.com							,2025.11.,울산창조경제혁신센터,"영상 창작자들이 반복적인 작업 대신 본연의 창작에만 집중할 수 있도록 돕는 AI 스타트업입니다. 핵심 솔루션 '인첸트'는 AI가 영상 속 슬레이트 정보를 분석해 씬, 컷, 테이크별로 데이터를 자동 분류하고 파일 관리를 최적화합니다. 온디바이스 기반으로 철저한 보안과 빠른 속도를 자랑하며, 주요 편집 툴과 완벽하게 연동되어 작업 효율을 극대화합니다.",
피크업,정보통신,2024.01.17.,이정우,http://www.peakup.ai,2025.11,컴퍼니엑스,대학생 학업·커리어 데이터를 활용한AI 기반 시간표 자동 생성 및 학습·커리어 연계 시스템 개발 솔루션,
지신,정보통신,2025.02.20.,"이진욱, 이승엽",http://jishin.io,2025.11,케이오씨파트너스,"제조 산업의 디지털 전환을 이끄는 풀스택 AI 공급자이자 제조 특화 AI CDMO 전문 기업입니다. 기존 제조 솔루션 한계를 극복하고자, HW 설계부터 AI 모델링, SW 구축까지 전 과정을 수직 계열화하여 현장 최적화 통합 솔루션을 제공합니다.비전은 ""AI가 현장에 적응해야 한다""입니다. 당사는 단순 모니터링을 넘어 물리적 제어가 가능한 실행 중심 기술력을 보유했으며, 턴키 방식으로 고객 공정을 자율형 공장으로 진화시키는 데 기여합니다.",
빌드코퍼레이션,정보통신,2024.07.25.,이준호,http://www.vuilder.co							,2025.11,엠와이소셜컴퍼니,"종합건설기계 플랫폼 빌더는 플랫폼을 통해 건설사와 건설기계 및 차주를 효율적으로 연결하고, 건설사와 직계약으로 비용 절감과 거래 운영 투명성을 극대화하는 솔루션을 제공합니다.",
써드웍스,정보통신,2022.12.12.,김민지,http://thirdworks.co.kr/,2025.11,코맥스벤처러스,"㈜써드웍스는 빅데이터 기반의 수입 공급망 관리 솔루션을 제공하는 기업입니다. 국제상품표준분류코드(HS) 기반의 글로벌 무역 규제 정보, 상품 정보, 기업 정보, 통관정보 등 상품 소싱에 특화된 데이터 가공과 셀러-바이어간 매칭 알고리즘 기술을 보유하고 있습니다. 이를 통해 데이터와 기술이 융합된 상품 소싱 프로세스의 새로운 패러다임(DX)을 실현하고자 합니다.",
소다라이브,정보통신,2024.04.24.,이재형,http://sodalive.net							,2025.11,엔슬파트너스,"주식회사 소다라이브는 보이스 크리에이터와 웹툰, 웹소설 IP, 생성형 AI와 AI보이스를 활용해 다양한 2차 콘텐츠(보이스 드라마, 숏폼 애니메이션, 캐릭터 AI채팅, AI오디오북)를 제작하여 자체 플랫폼인 '보이스온'에서 서비스를 하고 있습니다.  소다라이브는 숏폼 드라마, 숏폼 애니메이션, AI보이스 등 국내 최고 수준의 AI 콘텐츠를 제작하고 있는 AI 기반 미디어 자동화 기술 스타트업입니다.",
데이터그릿,정보통신,2024.09.24.,조오욱,http://www.datagrit.us							,2025.11,엔슬파트너스,"데이터그릿은 실시간 고성능 분석 RDBMS GritDB를 자체 개발하여 AI 시대에 필요한 데이터 인프라를 제공합니다. 운영 데이터 통합 지연∙비용∙클라우드 락인 문제를 DBMS 엔진 레벨에서 해소해 AI-Ready 데이터를 즉시 생성하고, 실시간 분석∙AI 활용을 단순화하며 비용을 절감합니다. 이를 통해 기업이 데이터 기반 의사결정과 서비스 고도화, 신규 AI 비즈니스 발굴을 신속하게 추진하도록 돕습니다.",
레드쏘,정보통신,2023.01.27.,주은광,http://redsaw.co							,2025.11,엑스퀘어드,"""원본·PII 공유 없이 교차기관 패턴을 암호 상태로 탐지하는 프라이버시 보존형 다기관 AML/사기 공동탐지플랫폼 입니다.""",
포모나에이아이,정보통신,2025.07.21.,SHIN TAE YEON,http://www.pomonaai.com							,2025.11,앤틀러코리아,"포모나에이아이는 작물 연구의 설계, 실행, 재현 방식을 혁신하는 연구 기술 기업입니다. 앤틀러 코리아의 투자로 2025년 7월에 설립된 포모나에이아이는 주요 대학 및 연구기관과 협력하여 연구자가 식물이 환경에 어떻게 반응하는지 전례 없는 정확도와 확장성으로 탐구할 수 있도록 설계된 인프라를 혁신하고 있으며, 식물 과학을 현대 데이터과학처럼 체계적이고 재현성 높은 학문으로 만드는 것이 목표입니다.",
제트,정보통신,2025.07.15.,채영대,http://www.thezet.io							,2025.11,앤틀러코리아,"주식회사 제트(ZET)는 광고 제작의 비효율을 해결하는 AI 기반 광고 자동화 기업입니다. 방대한 광고 레퍼런스와 고객 성과 데이터를 분석해, 클릭만으로 실제 성과로 이어지는 잘 팔리는 광고를 제작·개선합니다. 제트는 광고를 만드는 AI를 넘어, 매출을 만드는 광고 두뇌를 구축합니다",
랜드데이터,정보통신,2018.12.28.,엄승호,http://www.auctionall.co.kr/							,2025.11,액트너랩,"랜드데이터는 전국의 일반매매·경매·비주거 부동산 정보를 자동 수집·정제해 표준화된 빅데이터를 구축하고, AI 기반 자동 가치평가(AVM)와 공간 분석 기술을 통해 개인·기업 맞춤형 자산 의사결정을 지원하는 부동산 데이터·AI 플랫폼 기업입니다. 비주거 부동산 특화 기술과 QGIS 기반 공간 분석을 강점으로 혁신적인 데이터 표준화 및 평가 모델을 개발하고 있습니다",
하마다랩스,정보통신,2023.11.09.,방승애,http://www.hamadalabs.com							,2025.11,아이티센글로벌,"""윈디플로는 AI 모델 간 신경망 프로그래밍 개발의 복잡성을 블록형-노드로 개선하여제공하는 서비스임. 자사 솔루션을 통해 고객에게 비용 절감, 시간 단축에 대한 가치를전달하고, 이를 바탕으로 약 70% 이상의 리소스 절감 효과를 제공함.""",
바다핀테크,정보통신,2024.07.26.,이기수,http://badafintech.ai/							,2025.11,아이빌트,"소상공인과 크리에이터가 자금 흐름의 제약 없이 성장할 수 있는 금융핀테크 생태계를 조성하고, 혁신적인 선정산 핀테크로 글로벌 시장에서 빠르고 공정하게 자금 활용을 돕는 핀테크기업",
패딧,정보통신,2025.08.12.,최성락,http://business.faddit.co.kr							,2025.11,씨엔티테크,"""패딧은 동대문 패션 생태계의 비효율을 해결하기 위해 시작된AI 기반 패턴 자동화 플랫폼이다.벡터 스케치 한 장으로 CAD 패턴을 자동 생성하며,작업지시서·도식화·패턴을 하나의 디지털 표준으로 통합하고 있다.동대문 1,800개 봉제공장과 교육기관, 글로벌 파트너와 연계해패션 생산 전 과정을 디지털화하는 SaaS 생태계를 구축하며,누구나 아이디어만으로 제품을 만들 수 있는새로운 패션 제작 인프라를 목표로 한다.""",
탐즈,정보통신,2021.06.23.,최우듬,http://made.support							,2025.11,씨엔티테크,"탐즈는 자동차 금융 시장의 비효율을 해결하기 위해 설립된 스타트업으로, 자동차 영업사원을 위한 금융 업무 솔루션 ‘메이드(MADE)’를 개발·운영하고 있습니다. 메이드는 다양한 금융사의 할부·리스·장기렌트 조건을 한곳에서 비교하고, 고객 맞춤 견적 생성과 CRM까지 통합 제공하는 플랫폼으로 약 1,000명 이상의 영업사원이 사용 중입니다.",
에이뉴프로덕션,지식서비스,2025.02.26.,김민경,http://,2025.11,씨엔티테크,"주식회사 에이뉴프로덕션은 XR 기술 기반의 공연 콘텐츠를 개발하는 기술·콘텐츠 융합 스타트업으로, 실시간 렌더링 및 버추얼 캐릭터 기술을 공연 무대에 적용한 수출형 가족 뮤지컬 포맷을 개발하고 있다. 공연 제작 전문성과 기술 내재화를 바탕으로 공연 포맷의 표준화 및 글로벌 확장을 추진 중이다.",
아이콘엑스,정보통신,2024.06.27.,최원석,http://www.iconx.co.kr							,2025.11,씨엔티테크,"아이콘엑스는 대표적인 '하드웨어 Asset'인 차량을 AI와 플랫폼이 접근 가능한 '디지털 Asset'으로 전환시켜주는 역할을 하는 플릿 운용 및 관리 솔루션을 개발합니다. 기존 관제 솔루션처럼 차량 상태 정보의 단순 모니터링을 넘어 운전자의 운전행태를 분석하여 사고율 절감, 중고차 매각 이익 극대화 등 플릿 사업을 개선하기 위해 취해야 할 구체적인 AI 코칭 에이전트를 제공합니다.",
캐탈리온스,화학,2024.11.29.,김덕준,http://,2025.11,씨앤벤처파트너스,"독자적인 하이퍼 이온 채널 기술을 통해 기존 리튬 이온 전지의 안전성과 성능 한계를 극복하고, EV·ESS·웨어러블 기기 등 다양한 응용 분야에 적합한 차세대 이차전지용 고체 고분자 전해질을 개발하는 스타트업 임.",
컨테인어스,정보통신,2020.12.08.,이성진,http://containus.kr							,2025.11,시리즈벤처스,"컨테인어스는 항만·해상·내륙 운송 전 과정을 하나의 데이터 흐름으로 통합하는 항만물류 IT 플랫폼 기업입니다. AI 기반 데이터 표준화·최적화 기술로 수출입 물류 정보의 비대칭을 해소하고, 중소·영세 운송사의 First-Mile 운영 효율을 극대화하며 항만 물류의 디지털 혁신과 산업 구조 전환을 이끌고 있습니다. AI·블록체인·클라우드 기반 맞춤형 육상운송 관리 솔루션을 통해 부산을 대표하는 글로벌 항만물류 IT 선도 기업을 지향합니다.",
엑시온랩스,정보통신,2023.04.07.,이재영,http://www.exionlabs.ai							,2025.11,스파크랩,"엑시온랩스(EXIONLabs)는 약국 업무의 디지털 전환을 선도하는 헬스테크 기업으로, AI와 로보틱스를 기반으로 한 차세대 약국 자동화 기술을 개발하고 있습니다. 정밀한 알약 식별 기술과 로봇 자동화 기술로 약국의 운영 효율을 혁신하고, 환자의 복약 안전성을 강화하여 미래 지향적 의료 환경 조성에 기여하고자 합니다.",
앳원스,정보통신,2020.06.30.,"정재철, 홍성완",http://www.candypay.co.kr							,2025.11,서울대학교기술지주,"당사는 세계 최초 복수카드 동시결제 기술을 기반으로 ‘캔디페이’를 개발·운영하는 핀테크 스타트업입니다. 복수카드를 보유하고 있는 대다수의 소비자가 카드 발급 목적에 부합하는 혜택 활용을 효율적으로 달성할 수 있도록 분할결제 기술을 고도화 중이며, AI로 복잡한 카드 혜택을 분석해 전 세계 소비 활동에 차별적 가치를 더하고자 합니다.",
로보로드,정보통신,2025.01.22.,김남호,http://www.rovoroad.com							,2025.11,서울대학교기술지주,"로보로드는 도로파손의 무인 탐측, 무인 복구 시대를 실현하기 위해  멀티모달 AI-기반 비전 탐측 솔루션과 복구 로봇 차량을 개발, 생산하는 테크 스타트업입니다.",
마인스페이스,정보통신,2023.01.02.,엄정현,http://www.mainspaceinc.com							,2025.11,삼성화재해상보험,"마인스페이스는 AI를 기반으로 실내설계·건축설계 등 사람이 살아가는 모든 공간의 설계를 3D로 자동 생성할 수 있는 기술을 개발하고 있습니다. 고품질 실데이터 기반의 공간설계에 특화된 AI 기술로 현실 공간과 상응하는 사실적인 3D를 생성하고자 목표하고 있습니다. 마인스페이스의 3D 공간 생성 기술은 건설, 가전, 가구, 부동산 시장 등 공간설계 및 시각화가 필요한 산업에서 빠르고 정확하며 실제와 같은 3D를 제공합니다.",
라이넨스,정보통신,2023.04.21.,최경주,http://www.lynens.kr							,2025.11,빅베이슨캐피탈,"호텔, 리조트, 물류센터, 제조공장 등 기업 고객 세탁 세탁물 공급 서비스 운영사",
브릿센트,정보통신,2020.05.08.,심상보,http://www.britcent.uk							,2025.11,부산지역대학연합기술지주,AI 시대에도 영어 실력이 늘지 않는 건 '꾸준함의 부재' 때문입니다. 브릿센트는 54만 팬덤 커뮤니티와 독보적인 AI 언어·비언어 피드백 기술로 이 난제를 해결합니다. 사람과 AI의 완벽한 시너지를 통해 지속 가능한 영어 성장을 현실화합니다.,
비전파크,정보통신,2024.10.16.,이귀연,http://www.vspark.co.kr							,2025.11,부산대학교기술지주,"""스마트팩토리부터 자율주행까지, 한국형  라이다를 개발/제조/생산/판매 회사 입니다.제품으로 2D, 3D 및 외부 환경에 강한 FMCW 4D 라이다를 제조합니다.특히 부산대 협업하여 FMCW 4D 라이다 신호처리 칩화 및 국산화에 집중하고 있습니다.또한 대표이사를 비롯 라이다 경력 10년이상의 전문 인력 4명이 개발/제조를 전담합니다.""",
페퍼스톤즈,정보통신,2022.12.05.,하수영,http://www.pepperstones.co.kr							,2025.11,본엔젤스벤처파트너스,"""주식회사 페퍼스톤즈는 글로벌 인디게임 컨테스트 대학부 수상, 2022년 독일 게임스컴Best Indie Game Top 10 선정, 도쿄게임쇼 Global Indie Game Exhibitor Finalist등으로 뛰어난 게임성을 인정받은 두 창업자를 기반으로 설립된 게임·기술 기업이다. """,
직행,정보통신,2025.04.22.,이재헌,http://zighang.com							,2025.11,본엔젤스벤처파트너스,"직행(Zighang)은 국내 최대 규모의 채용 데이터를 실시간 수집·정제·분석하는 AI 기반 채용 검색 엔진입니다. LLM 직무 분류, 개인화 추천, Apply Agent(지원 자동화)를 통해 구직자가 10배 더 많은 기회를 시도할 수 있도록 돕습니다. 채용 탐색부터 지원·추적까지 한 번에 해결하는 통합 취업 OS를 목표로 합니다.",
본투비,정보통신,2019.08.12.,이종인,http://www.twenty.style 							,2025.11,본엔젤스벤처파트너스,"고객이 직접 커스터마이징하여(캐릭터를 모자, 안경 등으로 꾸밈) 원하는 캐릭터디자인을 만들고, 이를 약 100여개 품목의 캐릭터 상품을 만들 수 있는 솔루션.(키링, 휴대폰 케이스, 티셔츠 등의 품목에 캐릭터 디자인을 프린트하여 상품으로 제작).",
이숲컴퍼니,정보통신,2025.09.25.,이상철,http://www.esoopcompany.com							,2025.11,매쉬업벤처스,"""온라인스토어 특화 AI 평가 기반 파이낸싱&경영지원 플랫폼 비즈토스를 만드는 이숲컴퍼니입니다. 온라인스토어 평가의 신뢰도를 높여 기업 자산의 가치를 정의하고최적화된 파이낸싱과 경영지원을 통해 이커머스 생태계의 선순환을 창출합니다""",
컨플,정보통신,2022.02.22.,최원준,http://www.connple.com,2025.11,크립톤,"더 나은 연결로 더 나은 세상을 만들어가는 기술 중심 IT 회사입니다.지역 마트의 POS DB 직연동 AI SaaS 방식으로, 다양한 경영효율화 모듈을 제공합니다.다양한 마트에 납품하여, 월간 거래액 1억 원, 고객 재주문율 76% 성과를 창출했습니다.",
두잇플래닛,정보통신,2022.10.11,유병기,http://www.doitdbiz.co.kr,2025.11,킹고스프링,"주식회사 두잇플래닛은 제조업 디지털 전환(DX)을 선도하는 AI 솔루션 기업입니다. 핵심 서비스인 ‘flocs.AI’는 제조 현장의 파편화된 비정형 문서를 AI 기술로 분석해 기업의 ‘지식 자산’으로 전환하고, 이를 바탕으로 백오피스 워크플로우를 자동화합니다. 제조 기업의 아날로그 업무 환경을 혁신하여 생산성을 극대화하는 데 주력하고 있습니다.",
리트리버,정보통신,2024.12.03.,이용재,http://www.retrvr.ai							,2025.11,매쉬업벤처스,"리트리버는 정보보호 인증 준비 과정의 비효율을 해소하여, 기업이 합리적 비용으로 자율적 보안 체계를 구축하도록 돕는 AI 컴플라이언스 기업이다. AI가 법과 규정을 이해·판단해 증적을 자동 분석·매핑하고, 부족 항목을 즉시 안내한다. 이를 통해 기업의 자체 인증 대응력을 제고함과 동시에 실질적 보안 역량 강화를 이끌어낸다. ISMS-P를 시작으로 향후 ISO 27001, SOC 2와 같은 글로벌 인증까지 지원 범위를 확대할 예정이다.",
모빌리티랩,정보통신,2024.09.11,전일준,http://mobilitylab.kr/							,2025.11,로우파트너스,"MobilityLab은 기후 변화와 인력 부족으로 급증하는 방제 수요에 대응하기 위해 다수 드론을 활용한 대규모 방제 자동화 솔루션을 개발한 농업·국방 드론 기술 기업입니다. 기상·방제·병해충 데이터를 통합 분석해 언제, 어디, 얼마나 살포할지 자동 의사결정을 지원하며, 시드 투자 유치와 정부 R&D·상용화 사업, 국방 벤처 선정을 통해 기술과 사업성을 동시에 검증하고 있습니다.",
톰스,정보통신,2019.11.07,강태경,http://www.tomes.co.kr,2025.11,킹고스프링,"㈜톰스는 CNC·MCT 임가공 산업에 특화된 AI 기반 스마트팩토리 솔루션(ToMES)을 제공하는 기업이다. 도면 자동 인식, 유사형상 검색, AI 공정조건 제안, LLM 공정 어시스턴트 등 차별화된 기술을 기반으로 소형 가공공장도 쉽게 디지털 전환을 적용할 수 있게 한다.실증공장을 통해 검증된 MES·POP SaaS 플랫폼으로 국내외 임가공 제조업의 생산성과 경쟁력 향상을 선도하고 있다.",
위커밋,정보통신,2022.10.11,강수진,http://wecommit.ai							,2025.11,더벤처스,"""Docs Done in a minute!위커밋(WECOMMIT)은 반복적이고 복잡한 공공·기업의 문서 행정 업무를 자동화하는 AI 에이전트 기업입니다. 기관별 규정, 심사 기준, 행정 절차의 구조를 체계적으로 학습해 문서 작성·검토·보완을 자동 수행하며, 규정 준수와 행정 정확도를 동시에 높입니다.""",
유피인터,지식서비스,2023.12.04,손준철,http://up-inter.com/							,2025.11,대구창조경제혁신센터,"K-패션 브랜드의 글로벌 진출과 성장을 지원하는 패션 유통·MD·데이터 플랫폼 전문기업입니다. 브랜드가 제품과 크리에이티브에 집중할 수 있도록, 기획·세일즈·마케팅·데이터를 통합 지원하는 토탈솔루션 서비스를 제공합니다.",
하이퍼비주얼에이아이,정보통신,2023.09.07,정삼윤,http://www.hypervisualai.com,2025.11,킹고스프링,하이퍼비주얼에이아이는 엣지 디바이스용 GPNPU(GPU+NPU) 하이브리드 AI 프로세서를 개발하여 온디바이스 AI 및 피지컬 AI 시대를 선도해 나갑니다.당사는 고성능 저전력 AI 반도체 기술과 최적화된 AI 모델 개발 역량을 결합하여 엣지 컴퓨팅 환경에 최적화된 통합 솔루션을 제공합니다.,
타임리,정보통신,2019.01.08,김대환,http://timelygpt.co.kr							,2025.11,노틸러스인베스트먼트,"타임리는 AI 기반 교육·업무 자동화 솔루션을 개발하는 기술 기업으로, 누구나 손쉽게 맞춤형 GPT 서비스를 구축하고 활용할 수 있는 플랫폼을 제공합니다. 학교·기업·공공기관 등 다양한 현장에서 데이터를 기반으로 한 효율적 의사결정과 스마트한 운영을 지원하며, 사용자 중심의 AI 혁신을 통해 미래 교육·업무 환경을 선도하고 있습니다.",
이솝소프트,정보통신,2022.03.31,백종진,http://www.esob.kr,2025.11,킹슬리벤처스,"이솝소프트(주)의 ‘데이터 공유 서비스 플랫폼’은 AX/DX 시대에 맞춰 실시간 협업과 데이터 중심의 보안을 동시 제공하여 혁신적인 업무 환경을 제공합니다.당사는 시간과 장소에 구애받지 않는 표준 웹 기반의 '통합 서비스 플랫폼'과 일원화된 2D/3D 웹 뷰어', 데이터 파편화 및 분산 저장을 통한 '데이터 중심 보안 통제', 그리고 데이터 유출 예방 및 추적이 가능한 '비인지 워터마크' 등 핵심 솔루션을 자사 기술로 확보하고 있습니다.",
스테이정글,정보통신,2020.11.05,김은정,http://,2025.11,노틸러스인베스트먼트,"스테이정글은 레시피 기반 AI 기술을 활용해 외식 매장의 운영 효율을 높이는 푸드테크 스타트업입니다. 레시피 입력만으로 원가·매출·손익을 자동 분석하고, 재고 소모량을 계산해 식재료 발주를 자동화하며, QR 주문을 통해 고객 주문 과정을 간소화합니다",
웨슬리,정보통신,2025.08.27,윤홍인,http://www.wesley-ai.co,2025.11,프라이머,"웨슬리는 미국 소상공인을 고객으로 둔 회계 법인을 위한 AI 기반 솔루션입니다. 웨슬리는 회계사가 반복적으로 수행하는 단순 업무에 소요되는 인건비와 비효율성을 해소합니다. 회계사는 웨슬리를 사용하여 비정형 데이터를 자동으로 추출 및 입력할 수 있습니다. 또한, 각 사업자 고객에 대한 사업 내용, 거래 패턴, 과거, 과거 회계 처리 이력을 웨슬리 AI가 학습하여 정확하게 장부를 정리하도록 돕습니다.",
서클글로벌인코퍼레이티드,정보통신,2025.09.25,하륜,http://www.circlejobs.com							,2025.11,끌림벤처스,"서클은 그동안 기술에서 소외되었던 블루칼라 노동자들의 구직 전 과정을 AI로 자동화하여, 채용 기회 탐색부터 이력서 생성, 지원 및 인터뷰까지 누구나 빠르고 쉽게 더 나은 일자리에 접근할 수 있도록 돕는 AI 기반 구직 플랫폼을 개발하고 있습니다.",
매월매주,정보통신,2021.02.15.,손종찬,http://www.mewolmejoo.com							,2025.11.,김기사랩,"""브랜드 IP 기반 주류 PB 개발 서비스 '매월매주' 입니다.AI 기반 맞춤형 주류 커스텀 솔루션을 통해 1병부터, 1개월 내 나만의 술을기획부터 납품까지 올인원으로 제공합니다.""",
엔터테이크,전기전자,2021.02.23.,오성민,http://entertake.net/							,2025.11,국민대학교기술지주,"주식회사 엔터테이크는 감각과 경험 중심의 기존 뷰티 시술·케어 방식을 데이터 기반으로 재정의하는 AI 뷰티 디바이스·플랫폼 기업입니다. 두피·모발·피부 진단·케어 디바이스와 AI 분석을 결합해 비표준화 문제를 해결하며, 디바이스 기반 데이터 수집·레시피 표준화·구독 모델 등 확장성 있는 B2B2C 플랫폼을 구축하고 있습니다.",
마임하임,정보통신,2024.08.16.,장태수,http://,2025.11,국민대학교기술지주,"마임하임은 위치 기반 기술 및 IMU 센서를 통하여 자동화된 체크인, 체크아웃, 결제 및 정산 시스템을 개발하고 있습니다. 주된 사업으로 대중교통의 태그리스 교통 시스템의 표준화 기술을 목표를 하고 있습니다.",
뮤즈블라썸,정보통신,2021.05.17.,조은선,http://info.museblossom.com							,2025.11,경남창조경제혁신센터,"뮤즈블라썸은 21년 설립한 콘텐츠 및 음성 보안기술 기업으로서, 오디오, 영상 및 이미지 등 미디어 콘텐츠의 데이터 보안 및 포렌식, 유출 탐지를 위한 AI기반 비가청, 비가시 워터마크 솔루션 <콘텐츠 디펜스 Contents Defence>을 개발, 운영하고 있습니다. K콘텐츠가 글로벌 표준이 되고 있는 지금, 뮤즈블라썸은 디지털 증거의 신뢰성을 강화하고 보다 정교하고 다층적인 콘텐츠 보안 기술로서 정보 보안망 구축에 기여하고자 합니다.",
가우스랩,정보통신,2020.07.31,이정근,http://www.gausslab.co.kr/,2025.11,필로소피아벤처스,"가우스랩은 현장의 디지털 트윈(DX)을 AI XR 기술로 혁신하고, 공공/에너지 산업군 중심으로 사업을 확장하는 산업데이터 기반 IT SW 기업입니다.",
프롬랩스,정보통신,2021.08.24.,강동훈,http://www.promlabs.ai/							,2025.11,경기창조경제혁신센터,"프롬랩스는 생성형 AI 활용 과정에서 발생하는 품질 저하와 컨텍스트 오류 문제를 해결하기 위한 AI 품질·컨텍스트 최적화 SaaS ‘Promptly’를 개발하는 기업이다. ACO-1 기반 컨텍스트 엔진과 프롬프트 자동 최적화 기술을 통해 기업이 생성형 AI를 안정적이고 일관되게 활용할 수 있도록 지원하며, B2B SaaS 및 API 형태로 다양한 산업에 적용 가능한 솔루션을 제공한다.",
씨앤영,정보통신,2020.03.24,박시영,http://-,2025.11,필로소피아벤처스,"주식회사 씨앤영 은 삼성전자, KAIST 출신 인재들과다양한 파트너사와의 협업을 통해 사업 역량을 확대 하고 있습니다주요 사업분야는, SCM 경영컨설팅 및 CRM 솔루션 판매/구축 사업과 더블어LLM기반의 AI 솔루션 사업화를 추진중에 있습니다.",
로맨틱로보틱스,정보통신,2024.08.13.,배성훈,http://www.romantch.com							,2025.11.,경기창조경제혁신센터,"""Physical AI 기반으로 제조 공정 자동화를 목표로 설립하였음.로봇 제어 및 시뮬레이션 관련 연구개발 및 성장을 지향하고 있는 기업임.한국로봇융합연구원, 코스맥스 등과 협업을 하고 있으며, 팔레타이징/이송/포장 공정 과정의 전체 자동화를 수행하고자 함.""",
람다원,전기전자,2024.09.27,박경현,http://lambda-1.com,2025.11,한국과학기술지주,"㈜람다원은 초광대역 밀리미터–테라헤르츠파 발생·검출 모듈을 자체 개발하는 전문기업으로, 저가격·고성능 멤브레인형 모듈을 기반으로 초정밀 3차원 비파괴검사 시스템의 상용화를 추진하고 있습니다. 식품·반도체·배터리 등 다양한 산업에 적용 가능한 원천 기술을 확보한 밀리미터–테라헤르츠 기술 전문 기업입니다.",
메타크라우드,정보통신,2022.02.17,김형진,http://metacrowd.ai,2025.11,호서대학교 산학협력단,"인공지능을 활용하여 딥보이스(Deep Voice) 및 딥페이크 탐지, AI 보안·신뢰 검증, 음성 기반 금융보안 솔루션을 개발·운영하는 기술기업으로, AI가 생성하는 콘텐츠의 급격한 확산 속에서, 메타크라우드는 “AI의 진위를 구별하고, 신뢰를 복원하는 기술”을 핵심 가치로 삼고 있음. 정부기관, 금융사, 통신사 등과 협력하여 음성 기반 보안 서비스, 보이스피싱 방지 시스템, AI 워터마킹 검증 기술 등을 제공함.",
더에이스컴퍼니,정보통신,2024.06.04.,김성수,http://www.tacecompany.com,2025.11,경기창조경제혁신센터,"더에이스컴퍼니는 반도체 웨이퍼 세정 공정의 품질 혁신을 위한 AI 영상 분석 솔루션 전문 기업입니다. SK하이닉스 사내벤처 출신으로, 라인 카메라를 활용한 가상 표식 추적 기술로 웨이퍼 흔들림, 로봇 처짐 등 공정 사고를 실시간 감지합니다. 2024년 SK하이닉스 사내벤처 1등, 예비창업패키지 1등을 수상했습니다. 현재 SK하이닉스 잠재업체로 등록되어 M16 FAB에 샘플 납품을 완료했으며, 2026년 정식업체 등록을 목표로 하고 있습니다.",
에이센텍,전기전자,2022.03.07,주성진,http://asentech.my.canva.site/,2025.11,호서대학교 산학협력단,"㈜에이센텍은 세계 최초로 디지털 ID 코드 변조 및 엣지 AI 레이더 기술을 통해 보안, 안전 및 고품질 서비스를 제공하는 인지 센서 개발 및 제조를 전문으로 하는 최첨단 센서 기술 기업입니다. 저희 팀은 전기 및 전자 엔지니어, 제품 개발 전문가, 그리고 지속가능성 전문가들로 구성되어 첨단 모빌리티 시스템의 보안 및 안전 문제 해결에 전념하고 있습니다.",
아이오테드,정보통신,2019.12.30.,김성섭,http://www.iotedcorp.com							,2025.11.,강원대학교기술지주,"""어떤 사물이라도 인공지능 비서 기능을 사용할 수 있게 하는 초소형AIoT모듈 솔루션 개발회사로써 인공지능 비서 기능을 필요로 하는 업체에 솔루션을 납품하고 있음.또한, 해당 솔루션을 사용한 스마트토이 제품을 제조하여 각종 학교 및 교육 업체에 납품하고 있음.""",
브랜디액션,정보통신,2023.04.20.,"전태헌, 안정호",http://brandyaction.com/							,2025.11,JB벤처스,"브랜디액션은 스몰브랜드의 비효율적인 마케팅 운영 구조를 해결하기 위해 AI 기반 통합 마케팅 자동화 OS를 개발하는 기업입니다. 광고·CRM·구매 데이터를 한곳에 통합하고 매출·이탈을 예측하여 자동으로 실행하는 기술을 고도화하고 있으며, 자사 브랜드 실증을 통해 광고 효율과 운영 생산성을 크게 개선한 경험을 보유하고 있습니다.",
제이케이테크놀로지,전기전자,2022.12.05,김래현,http://www.jktechnology.co.kr/,2025.09,한국공학대학교기술지주,"주식회사 제이케이테크놀로지는 유무선 통신 인터페이스 R&D 기반 솔루션 기업입니다. 무선은 OCC 기반 LED 실내 위치정보 솔루션(OL-IN), 유선은 배터리 제어를 위한 BMS 시스템을 핵심 기술로 보유하며 후방 산업 시장을 선도하고 있습니다. 또한 R&D 수행과 특허 확보, 전시회·데모데이 참여를 통해 제품을 지속적으로 고도화하고 있습니다.",
기억,기계·소재,2022.04.20,장승관,http://www.71077.co.kr,2025.09,한국공학대학교기술지주,"㈜기억은 전기,전자,기계, 하드웨어 융합기술에 온도, 습도,수분,경도,미생물의 생육상태등 인공지능 데이터를 활용하여 지능형 감시시스템을 개발, 산업용 유기성 폐기물을 친환경적으로 처리하는 첨단 시스템을 김치제조사 등에  공급하는 환경기술개발업체",
인사이트웨이브,정보통신,2025.05.14,최수임,http://-,2025.09,필로소피아벤처스,"AI 기반 교육 웹빌더를 서비스하는 기업으로 교육자가 브랜드 구축, 콘텐츠 개발·관리, 학습자 관계 강화 등 교육 사업 운영 전반을 자체적으로 수행할 수 있도록 지원합니다. 서비스를 바탕으로 교육 공급자와 수요자의 상호 성장을 도모하는 선순환 구조를 만드는 것이 목표입니다. 교육자가 성장하면 더 우수한 교육이 제공되고, 이는 다시 학습자 경험 개선으로 이어지며, 나아가 교육 산업 전반의 경쟁력 강화로 확장될 수 있게 교육업에 기여하고자 합니다.",
골프티,정보통신,2021.11.15,이종경,http://golft.co.kr/,2025.09,필로소피아벤처스,"AI 알고리즘 기술을 기반으로 해외 골프장을 실시간 예약할 수 있는 플랫폼을 운영하고 있으며, 추천 시스템을 통해 사용자 선호에 맞춘 맞춤형 골프장, 티타임 및 부가 서비스(숙박, 차량, 캐디 등) 제공. 태국·베트남·말레이시아 등 160개 이상의 제휴 골프장과 협력 중임. 2022년 태국 서비스를 시작으로 누적 20,000건 이상의 예약을 달성",
엑스닷츠,정보통신,2022.11.16,이우도,http://xdots.kr,2025.09,플랜에이치벤처스,"엑스닷츠는 NV 다이아몬드 기반 양자센싱과 AI·엣지컴퓨팅 기술을 융합하여 초정밀 전력 계측·예지보전·에너지 최적화 솔루션을 제공하는 기술창업기업입니다. 양자 전류센서(Quantum CT), xFog 엣지 디바이스, AI 기반 SaaS 플랫폼을 통해 산업·상업시설의 에너지 비용 절감과 스마트그리드 구현을 선도합니다.",
에이치케이로지스틱스,정보통신,2022.07.12,김현성,http://hklogistics.kr/,2025.09,프라이머,낙후된 B2B 화물운송 시장을 디지털화를 통해 다단계 중개 프로세스를 하나로 통합하는 솔루션을 제공하고 있음,
디피니트,정보통신,2023.07.06,김도환,http://www.dfinite.ai/,2025.10,한국투자액셀러레이터,"디피니트는 기업 곳곳에 흩어진 정형·비정형 데이터를 자동으로 연결하고, 자연어 기반으로 쉽게 조회·분석할 수 있는 전사 AI 데이터 운영 플랫폼 ‘DARVIS’를 개발하는 기업입니다. 데이터 통합부터 분석·검색까지 한 번에 수행하며 기업의 의사결정을 지능화합니다.",
겜퍼,정보통신,2018.11.23,이준섭,http://https://www.talket.io/,2025.10,플랜에이치벤처스,"창업자들은 블록체인 전문 기업 '코인플러그' 출신들로 이루어졌고, 블록체인 기술의 대중화를 목적으로 설립하였습니다. 블록체인 기술 관련 R&D를 진행하면서, 현재 플랫폼 인프라가 부족한 커뮤니티에 블록체인/AI 기술을 활용한 인증, 티켓 판매,  상품 판매, 쿠폰 등을 결합한 종합 스토어를 제공하고 있습니다.",
군돌이,정보통신,2023.05.12,지준우,http://goondori.com,2025.10,컴퍼니엑스,"군돌이는 대한민국 현역병사 10명 중 9명이 사용하는 군생활 관리 올인원 플랫폼입니다. 전역일계산기, 휴가관리, 식단표, 커뮤니티, 위문편지, 택배대행 등 군생활 필수 기능을 하나의 앱에서 제공하며 누적 325만 사용자를 확보한 국내 1위 군인 플랫폼입니다.",
세르딕,정보통신,2021.05.14,강진규,http://serdic.com,2025.10,제이씨에이치인베스트먼트,"[Hybrid SaaS & Bottom-Up] 별도 설치 없는 웹 기반 경량 플랫폼으로, 산업 현장 중심의 Hybrid SaaS 디지털 전환 환경을 구축합니다.[AI 실시간 분석] 기존 CCTV와 센서를 활용한 AI 분석으로 이상 감지 및 위험 예측 등 산업 맞춤형 안전 솔루션을 제공합니다.[그래픽 통합 관제] BIM·스캔 데이터 기반의 시각화 시스템을 통해 현장을 직관적으로 파악하고, 원격 지원으로 사고에 신속히 대응합니다.",
터치앤고,정보통신,2022.03.08,차정호,http://www.touchngo.co.kr,2025.10,인포뱅크,"Android와 iOS 환경에서 고객사 앱에 NFC 기능을 적용할 수 있도록 제공되는 기술입니다. 이를 통해 결제뿐 아니라 멤버십, 사용자 인증, 교통 이용 등 다양한 NFC 기반 서비스를 앱 내에서 구현할 수 있습니다.",
에이투디투,에너지·자원,2024.11.11,"김윤우, 윤경림",http://www.a2d2.co.kr,2025.10,인포뱅크,"A2D2는 대량의 비정형 법률 증거를 정밀 분석하는 솔루션 'Ailex'를 개발한 리걸테크 기업입니다. 변호사 업무의 최대 병목인 증거 정리 시간과 기존 AI의 한계인 환각 및 구조 파악 오류를 해결하고자, 세계 최초 수준의 증거문서 특화 엔진을 자체 개발했습니다. 법률 산업의 고질적인 아날로그 업무 구조를 혁신하고, 복잡한 비정형 데이터를 완벽히 디지털화하여 실무에서 즉시 활용 가능한 기술 표준을 제시하겠습니다.",
뉴오프,지식서비스,2025.03.31,윤효준,http://www.new-off.com,2025.09,퓨처플레이,"뉴오프는 더 이상 입지 않는 옷을 매입해 깨끗하게 상품화한 뒤 재판매하는 리커머스 스타트업입니다. 기존 중고거래의 번거로움과 헌옷수거 방식의 한계를 해결하기 위해, 고객의 옷을 데이터 기반으로 옷의 가치를 모델 단위로 평가해 합리적인 매입가를 제안합니다. 이렇게 매입한 의류는 중고 의류 커머스 앱을 통해 다시 판매되어, 신뢰할 수 있는 중고 의류 쇼핑 경험을 제공합니다.",
브이레코드,정보통신,2025.02.13,박광근,http://www.vrecord.co.kr,2025.10,윤민창의투자재단,"브이레코드는 고정밀 모션캡쳐 솔루션을 통해 버추얼 아티스트의 미세한 표정과 움직임을 실시간으로 구현합니다. 독보적인 트래킹 노하우와 렌더링 기술을 결합해, 가상과 현실의 경계를 허무는 초실감형 콘텐츠를 제작합니다.",
포스페이스랩,지식서비스,2019.05.20,승영욱,http://www.datapuree.io,2025.10,에스와이피,"⦁ POS·배달 데이터 통합부터 정밀한 물류 관리, 입지 분석용 맞춤 솔루션 구축까지 - 외식업의 가장 어려운 데이터 문제들을 해결해 왔습니다. 6년간 POS, 배달 플랫폼, 물류, 리뷰 등을 다루며 비교할 수 없는 도메인 지식을 쌓았습니다. 이제 이 전문성에 AI를 결합하여, 외식업을 진정으로 이해하는 지능형 솔루션을 선보입니다.",
체인시프트,정보통신,2025.06.18,한용희,http://www.chainshift.co,2025.10,앤틀러코리아,"체인시프트는 AI 검색 최적화(AEO/GEO) 서비스를 제공하는 기업으로, 브랜드의 검색 가시성을 높이고 AI 기반 검색 엔진에서의 노출을 극대화합니다. LLM과 RPA 기술을 활용해 자동화된 검색 최적화 솔루션을 제공하며, K-Beauty 및 전자 제품 등 다양한 산업에 맞춘 맞춤형 서비스를 제공합니다.",
멘탯,정보통신,2025.07.11,전병욱,http://mentat.so,2025.10,앤틀러코리아,"멘탯은 한국어 도서 기반의 고품질 지식 데이터를 수집·정형화하여 LLM 학습용으로 제공하며, 신뢰 가능한 출처 기반 응답을 생성하는 RAG 엔진을 개발하는 AI 기술 기업입니다.",
네비오,정보통신,2025.07.11,신동조,http://www.navio.im,2025.10,앤틀러코리아,"NAVIO는 벌크·브레이크벌크 해운에 특화된 AI 기반 운송 최적화 플랫폼 기업이다. 항만 혼잡도 예측 지표(PCI)와 이메일 기반 운송 데이터 자동화 기술을 결합해, 벌크선 운항의 불확실성을 사전에 관리하고 선박–화물 매칭 및 의사결정을 최적화한다.",
트래블메이커스,정보통신,2019.08.14,김병주,http://www.livinginhotel.com,2025.10,씨엔티테크,"호텔 장기투숙 플랫폼, 호텔에삶을 운영하고 있는 트래블메이커스 입니다.롱스테이 전용 PMS를 통해, AI를 통한 적정 롱스테이 상품 가격과 기획, 상품 판매까지 올인원으로 서비스를 제공합니다.",
비욘디,정보통신,2024.04.15,정성욱,http://home.majoong.io/,2025.10,시리즈벤처스,"AI, 블록체인 기술 기반 반려동물 신원 인증 인프라 및 솔루션 개발 기업",
공감오래콘텐츠,정보통신,2022.04.01,윤민형,http://www.instagram.com/gonggamore/,2025.10,스마트스터디벤처스,"(주)공감오래콘텐츠는 게임·디지털콘텐츠 기획·제작을 중심으로, 소규모 개발팀과 지역 창작자를 지원하는 콘텐츠 개발·컨설팅 기업입니다. 교육·전시·마케팅을 연계해 아이디어가 실제 결과물과 사업으로 이어지도록 돕습니다.",
메타에너지프런티어,에너지·자원,2022.11.28.,"유기천, 이재준",http://,2025.09.,엔슬파트너스,"메타에너지프런티어는 탄소중립과 스마트에너지 혁신을 선도하는 기업으로, 고투과 광전지를 기존 실내 조명 인프라에 결합해 미활용 광에너지를 재생·전력화하는 기술을 보유하고 있습니다. 조명을 교체하는 것이 아니라 조명에 부착·통합하는 방식으로 에너지를 생산하여 건물의 에너지 절감과 탄소배출 저감을 실현합니다. 공공·산업·스마트홈까지 확장되는 친환경 스마트 인프라 구축을 비전으로 글로벌 시장 진출을 추진하고 있습니다.",
마고,지식서비스,2022.05.03,고현웅,http://www.holamago.com,2025.09,포항공과대학교기술지주,"통신사와 금융기업 등은 고객 대화에서 정밀한 인사이트 확보를 위해 고성능 음성 인식과 정밀한 감정 분석이 필요합니다. audion은 다양한 고성능 voice AI agent를 쉽게 테스트하고, 15줄 코드로 엔터프라이즈 환경에 빠르게 적용 가능한 플랫폼입니다. 기술 고도화와 맞춤화로 글로벌 진출을 추진하며, on-device 기능 확대를 통해 다양한 환경에서 신속하게 동작할 수 있도록 접근성을 높이고 있습니다.",
퍼슬리,정보통신,2025.02.13.,"오상준, 남궁현",http://www.perslyai.com							,2025.09,앤틀러코리아,"의료기록 연동 기반 AI 건강비서, 퍼슬리",
팀제로코드,정보통신,2024.10.10,정주헌,http://aness.ai							,2025.09,액트너랩,"팀제로코드는 기업의 특징과 데이터를 다각도로 분석해 더 정확한 비즈니스 파트너를 찾아주는 지능형 매칭 기술과, 기업이 쓰는 전문 용어까지 스스로 학습해 상황에 맞게 통역하는 실시간 언어 기술을 결합한 기업입니다. 이를 통해 글로벌 전시회, 무역상담회, 대학·병원 등 언어와 정보 격차가 존재하는 현장에서 더 빠르고 정확한 매칭과 커뮤니케이션을 가능하게 합니다.",
지니우스,정보통신,2020.02.21.,황재훈,http://https://geniewoos.com/home_kr							,2025.09.,아이빌트,"지니우스는 아날로그 체험 중심의 AI·AR 스마트 토이 플랫폼을 개발하는 에듀테크 기업입니다. 센서 없이 객체를 인식하는 자체 AR 기술과 AI 기반 난이도 조절·매칭 알고리즘을 보유하고 있으며, 스마트 체스·큐브 등 다양한 교구에 적용 가능한 확장형 기술을 통해 글로벌 스마트토이 시장을 선도하고자 합니다.",
제닉스,정보통신,2025.06.16.,박두희,http://www.genixx.ai							,2025.09.,아이빌트,"Genixx는 학습자의 창의성, 감성지능, 문제해결력, 자기주도성 등 미래 사회에서 필수적인 비인지역량을 AI를 기반으로 정밀하게 분석하는 기술을 핵심으로 자유서술형 응답, 면담형 평가, 창의 과제 수행 결과와 같은 비정형 데이터를 다차원적으로 분석해, 개인의 고유한 강점과 잠재력을 발견하고 이를 구체적인 성장 전략과 실행 가능한 학습 경로로 연결 추천 하는 AI 서비스",
유어케이스,정보통신,2024.08.14.,전은희,http://www.yourkase.com							,2025.09.,씨엔티테크,"유어케이스는 한국을 방문하거나 장기 체류하는 외국인, 특히 일본인을 위한 통신 기반 정착 지원 플랫폼입니다. AI 챗봇을 통해 국적·비자·체류기간에 맞는 최적 통신 상품을 자동 추천·개통하며, 숙소·비자·뷰티 등 생활 서비스로 확장 가능한 구조를 갖추고 있습니다.",
에스엠해썹,정보통신,2024.01.16.,장성묵,http://www.smhaccp.com							,2025.09.,씨엔티테크,"에스엠해썹은 식품 제조 현장의 DX·AX 를 선도하는 식품 특화 AX 전문기업입니다. AI 머신비전·품질예측·스마트 HACCP·라벨 자동검증 등 식품산업 특화 AI 솔루션을 통해 제조공정의 불량률을 낮추고 생산성을 향상시킵니다. ‘기술보다 현장’을 중심으로, 사람의 경험과 데이터를 연결하는 자율제조 플랫폼을 구축해 식품산업의 새로운 표준을 만들어가고 있습니다.",
토네디오,기계·소재,2025.03.19,김태희,http://auca.io/,2025.09,탭엔젤파트너스,"관광객이 앱에서 버튼 하나만 누르면 간편하게 드론 촬영을 할 수 있는 셀프 드론 촬영 서비스 ‘오카(AUCA)’ 를 운영하고 있습니다.  드론을 전혀 조종할 줄 몰라도 이용할 수 있고. 전문가가 설계한 촬영 템플릿을 자율비행 기술로 구현함으로써 고품질의 촬영 결과물을 확보할 수 있습니다. 주요 고객층은 여행객과 웨딩·레저 촬영 수요자이며, 저렴한가격과 높은 접근성을 기반으로 누구나 부담 없이 즐길 수 있는 새로운 촬영 문화를 제공합니다.",
데이터플레어,화학,2025.04.03,"이상영, 손순배",http://www.dataflare.co.kr,2025.09,탭엔젤파트너스,데이터플레어는 특허 받은 AI 기술을 기반으로 항만에 설치된 AIS 수신기와 대기오염 센서를 활용해 선박의 CO₂와 미세먼지를 실시간 수집·분석하는 AI 모니터링 플랫폼 솔루션을 제공합니다. 항만의 ESG 대응과 운영 효율화를 지원합니다.,
테이블에이아이,정보통신,2022.05.03,서정욱,http://www.table-ai.com,2025.09,킹슬리벤처스,"(주)테이블에이아이는 데이터·AI 기반 기술을 활용해 기업의 실시간 데이터 처리와 분석·의사결정을 지원하는 플랫폼을 개발하고 있습니다. 분산처리, 데이터 파이프라인, 생성형 AI 기반 자동화 기술을 보유하고 있으며 다양한 산업에서 활용 가능한 AI·데이터 서비스 구현 역량을 갖춘 기술 중심 기업입니다",
리원엑스,정보통신,2023.12.11,양현승,http://https://leonex.kr/,2025.09,킹슬리벤처스,"㈜리원엑스는 세무·노무 DX 기반의 경영관리 전문기업으로, AI·RPA 기술을 활용해 세무기장, 세액공제 절감 및 최적화, 고용지원금 자동 산출 등 기업 운영에 필수적인 업무를 디지털화합니다. 실무 데이터 기반 알고리즘과 온리원(ON-LEONE) 플랫폼을 통해 중소기업의 비용 절감과 업무 효율을 높이는 통합 솔루션을 제공합니다.",
아워스팟,정보통신,2022.03.18.,"장지혜, 윤홍석",http://ourspot.kr							,2025.09,씨엔티테크,"""아워스팟은 육아에 도움을 줄 수 있는 개인을 넘어선 서비스를 만들어 나가는 기업입니다.로컬 깊숙한 곳에서 오프라인 공간을 통해 초등 저학년 키즈패밀리에게 꼭 필요한 픽업, 돌봄, 숙제, 클래스 등 다양한 기능을 제공합니다.오프라인과 온라인의 경계를 넘어 키즈패밀리에게 꼭 필요한 기능들을 멤버십 혜택으로 제공하여, 키즈패밀리라면 누구나 구매하는 든든한 육아 보험이자 라이프스타일 케어 멤버십을 만들어 나가고자 있습니다.""",
아르바임,정보통신,2020.09.11.,SEOL RYAN HYUNGEU (설현규),http://greyd.kr/							,2025.09,씨엔티테크,"아르바임은 인플루언서 마케팅 기반의 디지털 콘텐츠 사업을 운영하며, 자체 플랫폼 그레이드(greyd)를 개발하고 있습니다. AI 기반 데이터 분석과 자동화 기술을 활용해 브랜드와 크리에이터 협업 효율을 높이고 있으며, TIPS 과제를 통해 핵심 기술 고도화를 추진 중입니다.",
텍스타일디자인뱅크,정보통신,2023.02.21.,신수은,http://www.textiledesignbank.com,2025.09,킹고스프링,"전 세계 90개국의 텍스타일 디자인 수출 중개부터 'AI 텍스타일 디자인 제작 서비스' 및 '미국 저작권 등록 서비스'까지 가능한 웹 플랫폼, Textile Design Bank를 개발하여 운영하는 패션 테크 스타트업",
바이오플레이,정보통신,2022.10.06.,원희연,http://www.bioplay.co.kr							,2025.09.,씨엔티테크,㈜바이오플레이는 AIoT 기반의 스마트 콜드체인 물류 플랫폼을 통해 바이오 의약품 정밀 운송 및 창고 보관 전 과정을 실시간으로 통합 관리·운영하는 완전 자동화된 국내 최초 Cold Chain Oen-Stop Service를 제공하고 콜드체인 토탈 솔루션 전문 기업 입니다.,
리피즈,정보통신,2022.06.20.,송정수,http://lifizz.biz							,2025.09,씨엔티테크,"리피즈(Lifizz Inc.)는 클라우드 로보틱스를 기반으로 주방의 90% 이상을 자동화하는 미래형 주방 솔루션 기업입니다. AI·하드웨어·식품공학 기술을 융합해 자영업자가 더 효율적이고 안정적으로 매장을 운영할 수 있는 환경을 만들며, 사람이 창의적인 일에 집중할 수 있는 주방을 실현합니다.",
뉴럴트윈,정보통신,2025.07.08,조성신,http://,2025.09.,씨엔티테크,AI 컨슈머 에이전트 기반 오프라인 리테일 비즈니스 최적화&자동화 솔루션,
에이쓰리,정보통신,2023.01.02,박의환,http://ehtn.net,2025.09,킹고스프링,"㈜에이쓰리는 Intent-Driven Autonomous AI(IDA) 플랫폼과 제조·물류·안전 특화 AI 에이전트를 개발하는 산업현장 혁신 기업입니다. sLLM 기반 계약 리스크 분석, 공정·에너지 최적화, 산업안전보건 모니터링 솔루션을 제공하며, 중소·중견 제조기업의 디지털 전환과 자율운영 공장 구현을 지원합니다. TIPS 프로그램을 기반으로 글로벌 제조 혁신 레퍼런스를 확장하고 있습니다",
슬립웨이브,정보통신,2024.01.10.,노승표,http://www.dbbeats.com/							,2025.09,삼성화재해상보험,"슬립웨이브는 생체신호 기반 수면개선 기술을 개발하는 헬스테크 기업입니다. 인이어 센서를 활용한 정밀 생체신호 측정 기술과 수면 상태 분석·개선 알고리즘 등 핵심 원천기술을 보유하고 있습니다. 생체신호 이어셋 상용화 경험을 갖춘 전문 연구인력이 참여하여, 과학적 근거 기반의 고도화된 수면개선 솔루션을 지속적으로 개발합니다.",
루트파인더즈,정보통신,2023.02.08.,김종국,http://routefinder.co.kr							,2025.09,삼성화재해상보험,"㈜루트파인더즈는 기술이 누구에게나 공평하게 적용되는 사회를 실현하기 위하여 AI 기술을 활용해 디지털 취약계층의 정보 접근성을 높이는 솔루션과 서비스를 제공하는 에이블테크 기업입니다. 시각장애인이 타인의 도움 없이 스마트폰 콘텐츠를 활용할 수 있도록 멀티미디어 플랫폼 EasyPlus를 개발하고 있으며, 이를 통해 시각장애인 스마트폰 사용자 경험을 획기적으로 개선하고 정보 격차를 해소하여 일상생활의 편의를 극대화하고자 합니다.",
위페어,정보통신,2023.06.02,김기환,http://www.wepair.kr,2025.10,서울대학교기술지주,"위페어는 자동차 사고 수리 시장의 불신과 비효율을 해결하는 IT 스타트업입니다.종합정비업체 전용 SaaS '위페어 파트너스'를 통해 수리 데이터를 수집하고 AI를 기반으로 수리 업무를 디지털화 및 표준화하며, 이를 기반으로 소비자에게 투명한 수리 경험을 제공하는 B2B2C 구조로 서비스를 확장하고자 합니다. 정비업체 업무 효율화에서 시작해 시장 전체의 신뢰를 재설계하는 기업입니다.",
더윤슬,정보통신,2023.07.14.,김현주,http://www.glohublink.com							,2025.09.,블리스바인벤처스,"㈜더윤슬은 글로벌 수출 과정의 복잡한 규제·관세·물류 문제를 해결하기 위해 RAG+LLM 기반 AI OP 솔루션 ‘Glohublink’를 개발하는 기업입니다. 120만개 이상 상품·물류 데이터를 활용해 국가별 리스크 감지, 관세 시뮬레이션, 자동 수출신고 등 수출 전 과정을 통합 지원합니다.",
피넛에이아이,정보통신,2024.04.05,황지영,http://peanutai.kr,2025.10,삼성화재해상보험,"피넛에이아이는 AI 기반 IoT 및 OT 보안 전문 기업입니다. Rust 언어로 개발된 펌웨어 내장형 에이전트 기술로 기기 내부의 Zero-day 위협을 실시간 차단합니다. 아울러 고도화된 모의해킹 및 취약점 분석 역량을 바탕으로 스마트팩토리, 모빌리티, 드론 등 다양한 산업 현장에 최적화된 통합 보안 플랫폼 ModOn을 제공하며, 산업 자산의 보호와 성공적인 디지털 전환을 위한 강력한 보안 인프라를 완성하고 있습니다.",
하이비스,정보통신,2023.11.30.,이은표,http://linko.my							,2025.09,블루포인트파트너스,"하이비스는 AI 기반 운동 처방·운영 SaaS ‘링코(Linko)’를 개발·운영합니다. 370+ 시설, 주간 활성 7만 명, 1,650만건 운동데이터를 바탕으로 데이터 웨어하우스와 생성형 AI로 맞춤 프로그램·실시간 코칭을 제공, B2B·B2C·B2G로 확장 중입니다.",
러닝포인트,정보통신,2020.08.28,박태훈,http://rankingmarathon.com/,2025.10,브이엔티지,"주식회사 러닝포인트는 러닝·걷기 기반 디지털 헬스 플랫폼과 스포츠 뉴트리션 브랜드를 함께 운영하는 기업입니다.‘랭킹마라톤’ 앱을 통해 개인·기업 참여형 러닝 챌린지를 제공하고, 러닝 퍼포먼스와 회복을 돕는 애니멀런 건강기능식품을 자체 기획·제조·유통합니다.데이터 기반 서비스와 제품을 결합해 지속 가능한 러닝 라이프스타일을 만듭니다.",
여명거리,정보통신,2023.08.18.,김여명,http://dawn.kim							,2025.09,벤처스퀘어,"여명거리는 AI 마케팅 자동화 에이전트를 개발하는 스타트업입니다. 복잡한 마케팅 툴의 진입장벽을 낮춰 클릭 한 번으로 캠페인 생성 및 예약이 가능한 '오토케'를 통해 국내 700만 소상공인 시장을 공략합니다. 블록체인 기반 저작권 및 수익분배 구조로 콘텐츠 공유 생태계를 구축하며, 검증된 AI 엔진을 미디어·언론·금융 등 다양한 분야로 확장해 5년 내 기업가치 500억 원 달성을 목표합니다.",
딥다이버스,정보통신,2023.11.21,성기봉,http://trackit.so,2025.10,매쉬업벤처스,"딥다이버스는 기업이 직면한 복잡한 문제를 소프트웨어로 해결하는 것을 목표로 하는 회사입니다. 현재 세일즈 테크 분야에 집중하여, 판매와 마케팅 과정에서 발생하는 비효율을 줄이고 데이터 기반 의사결정을 가능하게 하는 CRM 솔루션 트래킷을 개발하고 있습니다. 트래킷을 통해 기업의 영업 운영을 최적화하고 지속적인 성장을 가속화하고자 합니다.",
인드림헬스케어,바이오의료,2022.09.01,강병주,http://www.medi-chart.com,2025.10,리벤처스,2022.9.1 창업한 디지털헬스케어 분야 스타트업. 1단계로 다제약물의 안전한 처방을 위한 약제처방지원 시스템(의사용 프로그램+환자용 앱)을 개발하여 현재 제주대병원 등에서 활용하고 있음. 팁스를 통해 2단계인 약물유전체학 기반 실시간 정밀의료 임상결정지원시스템을 개발할 계획임. 강병주 대표는 제주대 의과대학 부교수를 역임하고 건강보험 빅데이터 분석 등 다양한 국가적 의료 프로젝트 참여를 통해 환자안전과 보건정책 연계 경험을 보유하고 있음.,
브레인치즈,바이오의료,2024.02.08,이민재,http://www.braincheese.co.kr/,2025.10,리벤처스,"㈜브레인치즈는 2024년 설립된 경기도 김포 소재 AI 기반 지능형 CCTV 관제 전문 기업으로, 기존 카메라에 엣지형 온디바이스 ‘AI CUBE’를 연동해 침입·배회 등 이상행동을 실시간 탐지하고 공공·교육·산업현장의 안전 관제를 고도화하고 있습니다.",
백엔드엑스,정보통신,2025.07.01,문대경,http://https://www.backendx.ai,2025.10,라구나인베스트먼트,"""누구나 손쉽게 백엔드를!"" 이라는 비전하에 AI 를 이용한 백엔드 자동화 솔루션을 개발하고 있는 기업입니다. 서비스 요구사항을 자연어로 기술하면 이에 맞는 서버 코드와 클라우드 인프라를 자동으로 생성해주고, 운영까지 할 수 있는 솔루션을 개발 중입니다.",
마일코퍼레이션,정보통신,2023.08.14,홍진우,http://moa.estate/							,2025.09,매쉬업벤처스,"고용인원 증감추이, 채용공고, 건축물대장, 등기부등본, 뉴스기사 등 다양한 데이터를 기반으로 이사 수요를 가진 잠재 임차고객을 발굴하고, 고객으로 전환하는 MOA SDR Agent, 잠재 임차 기업의 니즈와 조건을 바탕으로 실제 시장 내 공인중개사들과의 매물 탐색, 비교를 통해 최적의 매물을 발굴하는 MOA Finder Agent 를 기반으로 상업용 부동산 에이전트 플랫폼 MOA Estate를 운영하고 있습니다.",
매니패스트,정보통신,2021.06.04,허재혁,http://manyfast.io,2025.10,라구나인베스트먼트,"저희 매니패스트는 AI 주도 개발 시대의 핵심 플레이어로 성장할 스타트업입니다. IT 개발 영역에는 커서, 러버블이 있고, IT 디자인 영역에는 피그마가 있습니다. 그런데 IT 서비스 기획을 할 때에는 왜 여전히 노션, 워드, 엑셀, PPT, 피그마를 왔다갔다하며 작업해야 할까요? 저희는 IT 서비스 기획만을 위한 AI 도구를 만들었습니다. 이제 기획을 하는 사람들도 기획만의 솔루션을 통해 폭발적 생산성 향상 대열에 합류할 수 있습니다!",
퍼셀리,정보통신,2024.06.28,진희종,http://purselly.com,2025.10,더인벤션랩,"AI Multi-Agent 기반 인플루언서 마케팅 Workflow 자동화 SaaS를 개발하여, Operation Cost가 너무 높은 시장인 인플루언서 마케팅 영역에서, 인플루언서 섭외 → 콘텐츠 가이드 검수 → 판매 성과 추적 → 정산 및 리포팅까지의 전 과정을 AI 주도형 자동화를 하여, 더 많은 이커머스 사업자가 더 많은 인플루언서와 협업을 할 수 있게 하고 더 높은 성과를 낼 수 있게 돕고자 합니다.",
케미컴퍼니,정보통신,2023.11.29,"박세훈, 박수영",http://heart-travel.co.kr,2025.10,더인벤션랩,"잘 어울리는 사람들이 함께하는 오프라인 모임 커뮤니티를 만들어 가는 기업으로, 현재는 진지한 연인을 찾고 싶은 2030 싱글 남녀를 위한 매칭 여행 서비스 '하트트래블'을 서비스하고 있습니다.",
씨엘에스솔루션,정보통신,2025.03.28,박병규,http://www.cls.ai.kr,2025.10,더인벤션랩,"씨엘에스솔루션은 AI 비전·엣지 컴퓨팅 기반 스마트건설 솔루션 ‘SECOND EYES’를 개발하는 스타트업입니다. 자재·차량을 실시간 자동 인식하여 분류하고, 축중기 오차를 AI로 보정해 무게를 정확히 측정합니다. 이를 통해 공사 현장의 자재 관리, 출입 통제, 중량 계량을 자동화하여 투명성과 효율성을 높입니다.",
디파이소프트코리아,정보통신,2025.06.11,"김원형, 황성연",http://www.difisoft.com/,2025.10,더인벤션랩,"디파이소프트는 2019년 싱가포르에서 설립된 글로벌 핀테크 기업으로, 베트남과 한국에 자회사를 보유하고 있습니다. 베트남 주요 증권사(NH증권, KB증권, 한국투자증권, 신한증권 등)에 증권 IT 시스템을 공급한 실적을 보유하고 있으며, 자체 개발한 소셜 투자 플랫폼 'Paave'를 운영 중입니다. 베트남 증권시장 특화 AI 기술 개발을 통해 개인투자자 650만 명의 정보 격차 해소를 목표로 하고 있습니다.",
에이아이랩,정보통신,2025.02.06,정기봉,http://www.ailab.it.kr,2025.10,국민대학교기술지주,"(주) 에이아이랩은인공지능(AI),  정보통신(ICT), 질병 예측등에 특화된 인공지능 관련 기술 개발 및 수행.식품의약품안전처, 농림축산검역본부 독보적인 경험과 수행 이력 및 대규모 정보시스템을 운영, 유지관리 경험과 노하우 보유.고객이 필요로 하는 정보시스템의 기획, 개발, 구축, 운영까지 모든 서비스 제공.AI & IT분야 전문성과 시스템 구축 경험을 바탕으로 최적의 서비스 구현을 위한 특화 솔루션 제공.",
링더벨,화학,2025.04.20,김종철,http://resear.co.kr/							,2025.09,매쉬업벤처스,"㈜링더벨은 ‘가장 한국적이 가장 세계적이다’는 철학을 바탕으로, 전통 발효 기술과 K-푸드 문화에서 영감을 받은 화장품 전문 기업입니다. 창업 초기임에도 불구하고, 한국 대표 음식인 ‘김밥’을 모티브로 한 롤타입 마스크팩을 개발하여 와디즈 펀딩 목표 대비 5,365%를 달성한 바 있으며, 이후 쿠팡, 네이버, 무신사, 인천공항 판판면세점 등에 입점하여 국내·외 시장 진출의 기반을 지속적으로 확대하고 있습니다.",
커넥트네이션,정보통신,2025.01.10,송준호,http://,2025.09,리벤처스,"비상장 시장의 정보 비대칭과 자료 접근의 불편함을 해소하기 위해, 기업 데이터를 자동으로 인식·정리하고 산업·기술·성과 기준으로 탐색할 수 있는 AI 기반 기업분석 시스템을 개발. 파일 업로드만으로 기업 정보가 구조화되며, 사용자가 원하는 관점에서 직관적으로 기업을 비교·검색할 수 있는 환경을 구현하여 비상장 시장의 정보 접근성을 크게 높이는 것을 목표로 함.",
스마트라이드,기계·소재,2021.08.12,이우영,http://www.smartride.co.kr,2025.10,고려대학교기술지주,"스마트라이드는 법인택시 디지털 전환 플랫폼으로 운송 ERP, AI 영업코칭, 차량관리, 정비공유, 긴급출동 등의 인프라를 연계하여 통합 제공합니다. 현장 밀착형 SaaS로 운영 효율화와 수익성 향상을 동시에 달성하는 스마트운송 솔루션입니다.",
아이브,정보통신,2024.01.19,박세진,http://www.aieev.com							,2025.09,로우파트너스,"주식회사 아이브는 대구 본사를 둔 분산형 AI 클라우드 기업으로, 유휴 GPU·NPU를 연결한 에어클라우드 플랫폼을 통해 고성능 AI 추론 인프라를 저비용·고효율로 제공하며, 기업·공공기관의 생성형 AI 서비스 도입과 운영을 지원합니다.",
택스티넘,정보통신,2024.11.05,이경우,http://,2025.10,경기창조경제혁신센터,KB국민은행 최초 분사 사내벤처 택스티넘입니다. 전 은행원이자 세무사 대표가 운영하며 소상공인을 위한 세무플랫폼 개발을 준비하고 있습니다.,
벨루가,정보통신,2022.07.21.,김종윤,http://belugatech.io/							,2025.09,더벤처스,"㈜벨루가는 게임 개발 노하우에 인지과학·뇌공학·AI 기술을 융합해 인지기능 측정·훈련 서비스를 개발하는 헬스케어 기능성 게임 개발 회사입니다. 인지기능 측정 서비스 ‘브레인오케이(BrainOK)’, 두뇌 건강 개선 게임 ‘호두’, 치매용 디지털 치료제 ‘에버브레인(EverBrain)’, 인지기능 측정 플랫폼 ‘베카(BECA)’ 등 포트폴리오를 보유하고 있으며 연구·의료기관과 협력하여 검증된 디지털 헬스케어 솔루션을 제공합니다.",
센티넬딥액티브,지식서비스,2023.06.08,이준,http://sentinel-deepactive.com,2025.10,경기창조경제혁신센터,"센티넬딥액티브는 ‘Financial World Model’ 기반의 초거대 AI로 금융 시장을 예측하는 핀테크 기업입니다. 기존 퀀트의 한계를 넘어 자본 흐름을 구조적으로 추론하며, 하락장에서도 수익을 내는 ‘완전 무상관 알파’를 실현합니다. 2024년 51%의 실전 수익률과 TIPS 선정, 업계 리더들의 투자 유치로 기술력을 입증했으며, 스케일링 법칙을 통해 진화하는 글로벌 금융 AI의 표준을 제시합니다.",
차트,정보통신,2023.05.19.,정승연,http://www.chaart.co							,2025.09,대구창조경제혁신센터,"차트는 기존 오프라인 중심의 미술품 거래를 온라인으로 확장한 플랫폼으로, 언제 어디서나 간편하고 신속한 거래를 제공하고 있음. 고객의 선호 작품과 구매 데이터를 분석해 자동 추천 및 매칭 시스템과 거래 데이터를 축적하고 있으며 이를 바탕으로 맞춤형 작품 추천 알고리즘을 고도화하여 미술품 거래의 중심을 오프라인에서 플랫폼으로 전환하여 글로벌 미술 시장에서의 경쟁력 강화 목표하고 있음.",
브라이트,전기전자,2023.08.02.,서석태,http://b-wright.com/							,2025.09,대경지역대학공동기술지주,"브라이트는 차세대 비접촉 충전 솔루션 PowerFlow CET를 개발한 딥테크 스타트업입니다. UNIST 변영재 교수 연구실 출신 박사급 연구진이 설립하였으며, 기존 무선충전의 근거리·정렬 제약을 해소한 공간 자유형 플랫폼을 제공합니다. 유선 대비 90% 고효율을 달성하고 에너지 분야 최상위 저널 Applied Energy(IF 11.2) 논문 게재로 글로벌 기술력을 입증했습니다. 물류로봇부터 모빌리티까지 충전 인프라 혁신을 주도합니다.",
노블로지스,정보통신,2023.03.03.,정우재,http://noblestorage.co.kr/							,2025.09,뉴패러다임인베스트먼트,"노블로지스는 AI 기반 자동견적과 케이지형 적재 기술로 공간효율을 획기적으로 끌어올린 프리미엄 짐 보관〮물류 자동화 기업입니다. 수도권 10개의 직영 센터를 운영하며, 비대면 견적〮계약으로 안전하고 투명한 보관경험을 제공합니다.",
한국김육묘,바이오의료,2025.01.08.,이승환,http://www.koreakim.kr							,2025.09.,노틸러스인베스트먼트,"김은 양식을 통해서 생산되는데, 최근 기후변화와 해수온 상승으로 김 양식 산업의 지속가능성을 심각하게 위협하고 있음. 김 육묘 발아초기 각종질병과 어린 김 엽체 고사로 양식 실패사례가 증가하고 있음. 김 양식 안정성과 생산성을 향상시키기 위해 채묘후 어린엽체까지 육상에서 최적성장조건으로 성장시켜, 김 양식장에 공급하여 김 생산량과 수익성 향상에 기여.",
트레비앙,정보통신,2025.01.17.,"문형철, 신민우",http://www.medicoach.kr/							,2025.09,교보생명보험,"주식회사 트레비앙은 교보생명의 사내벤처로 출발하여, 건강데이터 기반 맞춤형 건강기능식품 플랫폼 메디코치를 운영 하고 있음. 트레비앙은 국내 대표 약국체인 리드팜과의 협업을 통해 전국 약국망으로 메디코치 서비스를 확대 중이며, AI기술을 결합하여 맞춤 영양제 시장을 선도하고, 종합 헬스케어 기업으로의 도약을 목표로 하고 있음",
픽셀,정보통신,2023.07.05.,김성산,http://www.pixelteam.io/							,2025.09,경기창조경제혁신센터,"PIXEL은 AI 기술을 기반으로 글로벌 커뮤니티 서비스의 언어 장벽을 해소하기 위해 설립된 기업입니다. 네이버·카카오 등 국내 주요 IT 기업 출신 인력이 참여해 전문성을 확보했으며, 자체 개발한 AI 앱빌더를 활용하여 글로벌 커뮤니티 앱을 176개국에 제공하고 있습니다. 또한 AI 실시간 번역 기능을 적용해 MBTI·K-POP·한국어 등 다양한 주제에서 사용자 간 원활한 소통 환경을 구축하고 있습니다.",
슈퍼엑스콘,정보통신,2024.04.18,이상훈,http://,2025.09,JB벤처스,"저희는 우수한 원천 IP에 게임의 상호작용성을 결합한 차세대 인터랙티브 콘텐츠, '플레이툰'을 개발합니다. 독자가 직접 선택지를 골라 스토리를 전개하는 방식을 통해, 단순 관람을 넘어 주인공이 되는 능동적인 몰입 경험을 선사합니다. 이를 통해 잠재된 IP의 생명력을 무한히 확장하고, 팬덤에게 새로운 가치를 제공하며 콘텐츠 시장의 혁신을 선도합니다.",
퍼포즈드,정보기기·통신장비,2022-10-25,한재연,http://https://www.dreve.co.kr/; https://seedlab.kr/							,2025.09,스프링캠프,,
티엘바이오,바이오의료,2022-12-19,신중원,http://,2025.09,리벤처스,,
탑테이블,기계·소재,2019-12-16,유현주,http://https://www.toptable.co.kr/							,2025.09,아모레퍼시픽홀딩스,,
지오디아,바이오의료,2025-03-03,김동호,http://www.ziodia.com							,2025.09,필로소피아벤처스,,
이스트오토,기계·소재,2019-06-24,강대웅,http://istauto.co.kr							,2025.09,호서대학교 산학협력단,,
오티톤 메디컬,바이오의료,2022-09-05,김재영,http://www.doctorinhaus.com							,2025.09,대웅제약,,
엘앤피솔루션,바이오의료,2023.09.18,이다빈,http://www.lnpsolution.com,2025.09,씨엔티테크,,
에이트스튜디오,바이오의료,2022-07-13,박신기,http://www.aitstudio.co.kr							,2025.09,엠와이소셜컴퍼니,,
에이아이플로우,바이오의료,2025-07-15,박선길,http://www.aiflowinc.com													,2025.09,퓨처플레이,,
에이브람스,기계·소재,2023-08-01,손창호,http://www.abrs.kr							,2025.09,한국과학기술지주,,
에스이노베이션,기계·소재,2024-05-21,"김정준, 박형석",http://www.s-innovations.co							,2025.09,인라이트벤처스(주),,
에스메드,바이오의료,2023.08.24,김진운,http://https://smed.kr							,2025.09,대경지역대학공동기술지주,,
어스폼,기계·소재,2021-12-13,정성일,http://www.earthform.co.kr							,2025.09,엠와이소셜컴퍼니,,
알엠테크,화학,2022-04-08,김용혁,http://www.rmt.kr,2025.09,인포뱅크,,
스튜디오 다시물결,화학,2024-07-25,"이승근, 김형조",http://https://www.dasiwave.com/,2025.09,킹고스프링,,
셀시악스,바이오의료,2024-08-14,이영진,http://zsiax.com							,2025.09,킹슬리벤처스,,
마디,바이오의료,2025.06.10,김성환,http://https://www.madidt.com/							,2025.09,인포뱅크,,
뉴패스바이오,바이오의료,2023-10-13,김일수,http://,2025.09,서울대학교기술지주,,
올도완,기계·소재,2020-11-13,심재희,http://www.oldowan.co.kr,2025.09,전북지역대학연합기술지주회사,,
마인드리치,바이오의료,2025-05-14,권민철,http://,2025.09,윤민창의투자재단,,
밀리사이트테크놀러지스,정보통신,2023.09.19,양종렬,http://www.mmwsight.com,2025.08,플래티넘기술투자,본사는 건국대학교 교원창업기업으로 밀리미터파 회로 및 시스템 노하우를 기반으로 보이지 않는 곳 너머 정밀한 시야 제공을 목표로 설립하였음. 세상을 보다 안전하고 편안하게 하기 위해 독자적이고 획기적인 솔루션을 제공하고자 함. 혁신적인 기술을 기반으로 스마트 공간 내 원격 모니터링을위한 다양한 센서 기술을 제공함. 기존 기술 한계를 넘어서는 성능과 새로운 세상을 이끄는 가치를 제공하고자 함.,
팀쇼퍼블,정보통신,2020.11.26,심재윤,http://,2025.08,패스트벤처스,"주식회사 팀쇼퍼블은 이미지 검색·AI 추천으로 상품 선별부터 상세페이지 자동 생성, 다국어 등록·판매까지 일괄 제공하는 패션 D2C 플랫폼을 개발합니다. 레저큐·야놀자에서 오랜 기간 호흡을 맞춘 CPO·CTO·CSO가 합류해 안정적 실행력과 글로벌 확장을 추진합니다.",
애드원,지식서비스,2020.04.17,조항원,http://adwon.co,2025.08,와이앤아처,Creating a New Advertising Markets!애드원은 통합광고효과분석솔루션을 통해 통합퍼포먼스마케팅 서비스를 제공함으로써 새로운 광고 시장을 열어가는 AD Tech 사업자입니다.,
플래닉스,정보통신,2025.04.17,이서지,http://planex.co.kr,2025.08,엑센트리,"㈜플래닉스는 인공지능(AI)과 데이터 기술을 기반으로 농업·환경 분야의 디지털 전환을 이끄는 기술기업입니다.농가가 경험과 감에 의존하던 의사결정을 데이터 분석에 기반한 합리적 판단으로 전환할 수 있도록, AI 생육 진단 모델과 품종·재배 전략 추천 알고리즘을 자체 개발하였습니다.플래닉스는 기술 중심의 혁신으로 농가의 생산성과 효율을 높이고, 나아가 스마트 농업의 새로운 표준을 제시하는 글로벌 경쟁력 있는 플랫폼 기업으로 성장하고 있습니다.",
스마트방재시스템,정보통신,2019.02.27,육상수,http://,2025.08,에트리홀딩스,"자동소화장치 및 화재감지기, 재난안전 플랫폼에 대한 기술개발 및 사업화를 추진하고 있으며, 한국전자통신연구원의 기술이전 및 공동개발을 통하여 기존 감지기 및 운영체제의 문제점과 한계를 극복하고자 기술개발에 노력을 다하고 있습니다.  화재원인을 분석하고 화재유무를 판단하는 멀티스펙트럼 센싱 기술과 지능형 화재판단 AI, 공기중 냄새를 이용한 전자코 기술 개발을 통하여 비화재보 검출하고 사회 안전불감증을 해소하고 재산과 인명 피해를 최소화하고자 합니다.",
뉴앤디,정보통신,2022.11.21,송명기,http://www.veasly.com,2025.08,앤틀러코리아,"해외 소비자를 위한 K-trend(K패션,K뷰티,엔터굿즈)상품 역직구 플랫폼",
마이아이비,정보통신,2023.09.20,박영희,http://www.myib.ai/,2025.08,빅뱅엔젤스,"마이아이비는 매칭기프트를 구현하는 B2B SaaS 플랫폼 서비스 기업입니다. 매칭기프트는 직원이 기부나 봉사 활동을 하면 기업은 금액을 매칭해 기부 및 봉사 효과를 배로 만들어 주는 프로그램이며, 가장 발전된 형태의 임직원 참여형 ESG 제도입니다. 마이아이비는 국내 최초로 매칭기프트 소프트웨어 플랫폼을 개발/상용화하여, 기업 사회공헌 문화를 혁신하고 새로운 ESG시장을 창출하고 있습니다.",
스타씨드,정보통신,2022.05.02,손보미,http://pulitzer.ai,2025.08,벤처스퀘어,"스타씨드는 생성형 AI 기반 PR SaaS ‘퓰리처 AI’를 개발하는 혁신 스타트업입니다.보도자료 작성, 배포, 기자 매칭, 뉴스 모니터링을 자동화하며,대규모 언어모델과 추천 엔진을 활용해 콘텐츠 품질을 높입니다.",
스토리지,기계·소재,2024.10.31,서도원,http://www.storyg.kr,2025.08,미래과학기술지주,"(주)스토리지는 POSCO그룹 사내벤처 프로그램 '포벤처스' 5기 창업기업으로,포스코에서 개발한 고망간강을 활용하여 친환경 에너지 저장 솔루션 확대에 기여하고 있습니다.",
비브이씨,정보통신,2020.05.21,선상욱,http://,2025.08,더인벤션랩,"“Empowering Everyday Life Through Smart Technology”주식회사 비브이씨는 ""일상의 불편함을 기술로 해결하는 스마트 혁신 파트너""를 기업 비전으로 2020년 설립된기술개발 전문 기업입니다. 유인 및 무인 외식업 매장을 위한 인공지능 기반 재고 관리 및 자동 발주 시스템 “오더링”을 개발, 운영하고 있습니다.",
더블엠소셜컴퍼니,정보통신,2021.03.29,김선미,http://www.doublemsc.kr/,2025.08,대구창조경제혁신센터,"더블엠소셜컴퍼니는 IT 기반의 교육·헬스케어 시뮬레이션 플랫폼 기업으로, 실감형 기술을 활용한 다중 사용자 몰입형 학습 및 의료 훈련 콘텐츠 개발을 주력으로 함. 헬스케어 메타버스, 블록체인 기반 인증 시스템, 디지털 정신건강 플랫폼(마인드포레스트), 디지털 토의 기반 실습 훈련 시스템 등 신산업 융합 콘텐츠 개발 역량을 보유하고 있으며, '사용자 경험 중심의 고품질 소프트웨어 개발’과 ‘지속적인 도전과 학습’을 핵심 가치로 삼고 있음.",
피씨엔씨,정보통신,2018.11.29,김덕기,http://pcnc.re.kr,2025.08,국민대학교기술지주,"개인맞춤형 기술 기반의 독서 및 한국어 교육 서비스 '토핑(TOAPING)'을 제공함. 초등학교 교사 출신 컴퓨터학 박사 대표를 중심으로 전문가들이 협력하여 좋은 독서습관과 지속가능한 독서환경을 구축하고, AI 분석을 통한 개인 맞춤 추천 및 큐레이션 서비스를 제공함. 25년 7월 기준, 480여 학교, 63,000여 명이 독서 서비스를 이용 중이며, 한국어 교육 서비스는 캐나다, 일본에 판매 중이고 독일 등으로 확대를 추진하고 있음.",
에스아이에스센서,바이오의료,2024.06.05,조현모,http://sissensor.com/,2025.07,한국과학기술지주,"SIS Sensor는 알츠하이머 치매부터 암까지 포괄적인 진단 솔루션을 제공하는 펨토몰 수준의 단백질칩 분석/진단장비 회사로, 최첨단 기술을 활용함. SIS 단백질칩 및 분석장치는 기존 기술의 한계를 극복한 혁신기술이며 비표지로 펨토몰 이하의 초고감도 측정이 가능함. SIS 엑소좀 액체생검 분석/진단 장비는 조기 암 진단 및 면역항암제 치료반응 예측에 핵심적인 장비이며 향후 알츠하이머 치매 조기진단에도 활용할 예정임.",
퀀텀매트릭스,기계·소재,2019.01.24,이수원,http://aquuv.com,2025.07,한국공학대학교기술지주,"퀀텀매트릭스는 혁신적인 UVC LED 기술을 기반으로 안전하고 깨끗한 물과 공기를 제공하는 기업입니다. 수은을 사용하지 않는 친환경 솔루션으로, 기존 살균 기술의 한계를 뛰어넘어 작고 효율적인 살균 시스템을 구현합니다.특히, 흐르는 물을 살균하는 'AQUUV PoU'와 같은 제품을 통해 정수기, 제빙기, 에어컨 등 다양한 생활 가전에 적용하고 있습니다.",
에이머슬리,정보통신,2024.08.27,최승천,http://www.amously.ai,2025.07,퓨처플레이,"반도체 제조 공정 제어에 특화된 AI 기반 버티컬 SaaS 기업으로, CMP를 시작으로 세정·확산·박막·식각 등으로 확장 가능한 플랫폼 앰피비언을 개발. 독자적 가상 데이터·시뮬레이션 기술과 양산 현장 경험을 바탕으로 기존 규칙 기반·진단 중심 솔루션의 한계를 넘어 자율 제어를 구현하며, 국내외 주요 반도체 제조사와 협력해 글로벌 표준을 선도하는 것을 목표로 함.",
나노라티스,기계·소재,2024.01.15,성유창,http://www.nanolatis.com,2025.07,포항공과대학교기술지주,나노라티스는 바이오의약품 관리용 센서솔루션을 개발하는 스타트업입니다.바이오의약품은 생물학적제제를 이용하여 만든 의약품을 말하며 투약전까지 철저한 관리가 필요합니다.저희 나노라티스에서는 보다 저렴하고 자동화된 관리 솔루션을 제공하기 위해서 다음과 같은 기술과 제품을 개발하였습니다1. 온도(그리고 바이오물질의 상태변화)에 감응하는 소재 개발2. 5mW 이내의 저전력으로 구동하는 센서회로 및 전자태그 제작3. 개발한 전자센서태그와 연동,
에스에이치,정보통신,2024.07.05,이성호,http://,2025.07,탭엔젤파트너스,"건물주와 시공사를 위한 유지관리·리모델링 AI 입찰 매칭 플랫폼을 개발하는 창업팀으로, 비표준화된 입찰 구조를 개선하고, 실거래 기반의 데이터 매칭으로 시공 품질과 거래 효율을 높이는 서비스를 제공합니다.",
플필,정보통신,2022.04.28,류민국,http://www.plfil.com,2025.07,킹슬리벤처스,"플필은 배우와 아티스트를 위한 플랫폼 기반 매니지먼트 서비스 기업입니다. 단순 매니지먼트를 넘어, 플랫폼을 통해 캐스팅·콘텐츠·IP를 연결하며 아티스트의 지속 성장을 지원하고 엔터테인먼트 산업의 새로운 표준을 만들어갑니다.",
아울소싸이어티,정보통신,2022.02.04,곽지애,http://owlsociety.kr,2025.07,킹고스프링,"아울소싸이어티는 AI 패션태깅, 자동 콘텐츠 기술을 활용해 다품종 K-패션 재고의 글로벌 리세일을 지원하는 패션테크 스타트업입니다.모바일 마켓플레이스 SHAKALAKA(샤카라카) 를 통해 프리미엄 K-인디 패션 브랜드들의 이월상품의 해외 판매 기회를 창출합니다.ESG+디지털 융합 유통 모델을 실현하며, 한국 인디 브랜드의 성장과 지속가능성과 을 동시에 확보합니다.",
할로와,정보통신,2023.04.14,권혁진,http://www.hallowa.co.kr/,2025.07,컴퍼니엑스,"할로와는 AI 기반 리테일 테크 기업으로, 스마트오더와 CRM을 결합한 통합 플랫폼을 제공합니다. 주문 데이터와 고객 리뷰를 AI로 분석·자동응답하며, 운영 최적화와 개인화 마케팅을 지원합니다. AI 에이전트 기반의 리테일 자동화 기술을 고도화해 글로벌 확장을 추진하고 있습니다.",
오오칠팔구,정보통신,2021.12.15,송원영,http://learvi.com,2025.07,컴퍼니엑스,"미래 교육의 경계를 허무는 첫 걸음”이라는 비전 아래, 교육·제조·데이터 등 다양한 분야를 유연하게 연결하는 올라운더 혁신 플랫폼입니다. 새로운 기술과 도전을 통해 실질적 문제 해결과 교육·산업 현장의 변혁을 추구하며, 모두에게 공평한 학습 기회를 제공하기 위해 노력합니다.",
소울엑스,정보통신,2019.03.05,황영택,http://soulx.co.kr,2025.07,제주창조경제혁신센터,"AI 시대에 최적화된 몰입형 콘텐츠와 누구나 고품질 XR 콘텐츠를 쉽게 제작할 수 있도록 설계된 미디어 콘텐츠 제작 솔루션을 개발하는 기업입니다. 최신 AI, XR 기술과 차별화된 콘셉트 및 세계관을 바탕으로 크리에이터 중심 생태계는 물론, 엔터테인먼트와 문화 콘텐츠 IP, 커머스, 교육 분야에서 몰입감 있는 창작 환경을 제공합니다. 세상의 모든 스토리텔러에게 공간과 표현의 자유를 제공하는 것을 목표로 글로벌 특히 북미 시장 진출 준비를 하고 있습니다.",
토모로우,정보통신,2024.11.20,조용우,http://www.tomoarrow.com,2025.07,전북창조경제혁신센터,당사는 PG사 및 이커머스사의 크로스보더 결제사고 제로화를 위해 외국인 전용 본인확인 솔루션을 개발하고 있습니다. 당사가 외국인 본인확인을 수행하면 그 결과값을 기반으로 국내 PG사는 안전하고 간편하게 가맹사의 해외결제대행을 수행할 수 있습니다.,
루멘테라,정보통신,2023.03.20,노형곤,http://www.platpharm.co.kr,2025.07,인포뱅크,"주식회사 루멘테라는 제약사와 약국 간의 복잡한 직거래 과정을 디지털화하여 통합관리할 수 있는 플랫폼 ‘플랫팜(Platpharm)’을 운영하는 헬스케어 B2B SaaS 기업입니다. 상품정보 조회, 주문, 결제, 장부관리까지 단일 인터페이스에서 처리할 수 있는 기능을 제공합니다. 또한 약학정보 콘텐츠 및 의약품 리뷰 기능을 바탕으로 약업계 전반의 질적 향상을 지원하고 있습니다.",
데브디,정보통신,2022.04.18,김기태,http://www.zipup.co.kr/,2025.07,엠와이소셜컴퍼니,"데브디는 청년과 1인 가구를 위한 주거·금융 솔루션을 제공합니다. '집업'앱을 통해 이사부터 월세 관리까지 원스톱 서비스를 제공하며, 임대인 동의 없이 카드로 월세를 결제할 수 있는 '집업페이'를 운영합니다. 2024년 12월 정식 출시 후 업계 최저 수수료와 주거비 세액공제 등 다양한 혜택으로 4만 명 이상이 이용하고 있습니다. 데브디는 청년 주거 라이프스타일을 혁신하는 종합 플랫폼으로 발전해 나가고 있습니다.",
탤런트시커,정보통신,2024.05.10,나우식,http://talentseeker.io,2025.07,엔슬파트너스,Onto-LLM 기술을 활용한 글로벌 아웃바운드 채용 서비스,
라이트에이아이,IT 서비스,2025.04.30,강성주,http://laight.ai/,2025.07,엑스퀘어드,"라이트에이아이는 중소상공인의 매출 및 수익성 증대를 위해 AI 기반 퍼포먼스 마케팅 자동화 솔루션을 개발합니다. 이 솔루션은 LLM 도메인 특화 학습 기술을 기반으로 광고 캠페인 데이터와 판매 데이터를 분석하여, 고객의 구매행동을 가장 효과적으로 이끌어내는 광고 소재를 도출합니다. 이를 기반으로 생성형 AI가 광고소재를 제작하고, 채널별 광고 예산 분배를 자동화합니다. 목표는 전세계 중소상공인의 AI 기반 디지털 전환을 돕는 것입니다.",
넥스웨이브,ICT제조,2018.10.11,전진완,http://www.nexwave5g.com,2025.07,에트리홀딩스,"미래 초연결 IT 및 모빌리티를 위한 초고주파 대역 안테나 모듈 및 부품 기술 전문 벤처기업- 초연결 지상/비지상 통합 네트워크 통신용 초고주파 대역 안테나 집적화 모듈 기술 개발- 5G/6G 위상배열 안테나 및 초소형 밀리미터파 대역 안테나 & 송수신 모듈 제품 개발- 초고주파 대역(mmWave) 회로, 부품, 모듈 설계 및 디자인하우스 서비스 제공",
케어러스,IT 서비스,2024.08.07,박나현,http://dearmomcare.co.kr/,2025.07,앤틀러코리아,"케어러스는 아동 돌봄 서비스의 품질 관리 문제를 해결하기 위해 설립된 스타트업으로, 의료 · 간호 전문가 중심의 돌봄 데이터를 기반으로 멀티모달 행동 인식 AI 에이전트 개발하고 있습니다. 실시간 피드백과 표준화된 품질 관리를 통해 부모에게 신뢰를 제공하며, 향후 글로벌 보육 · 헬스케어 시장으로 확장되는 것으로 목표로 합니다.",
오붓,지식서비스,2025.01.08,노인혁,http://obud.co,2025.07,앤틀러코리아,멤버십 기반 웰니스&피트니스 예약 플랫폼,
메타뱅크,정보통신,2021.12.07,소요환,http://www.metabank3d.com,2025.07,아이빌트,"㈜메타뱅크는 AI 기반 가상 피팅 솔루션 보고핏(BOGOFIT)’을 개발하여 패션·유통 산업의 디지털 혁신을 선도하는 기업입니다. 당사는 2D 기반 하이브리드 AI 기술을 통해 소비자 맞춤형 피팅 경험을 제공하며, 온라인/오프라인 쇼핑에서 정확한 사이즈 추천, 반품률 감소, 스타일 제안 등 실질적 가치를 창출합니다.",
나노비크,화학,2024.08.14,최성학,http://www.nanovique.io/,2025.07,아모레퍼시픽홀딩스,"나노비크(주)는 나노전달체 기반 미래형 전달솔루션 플랫폼 전문 기업입니다. 고투과성 나노입자와 및 이를 안정화할 수 있는 2차캡슐화 기술을 통하여 나노전달체의 전달 효율을 기존보다 크게 향상시키는 것은 물론, 고정밀 방출제어 및 다중 특성 구현을 통해 표적전달을 현실화하여 화장품, 식품, 그리고 의약품을 포함안 약물전달의 모든 분야에 핵심 기술을 제공하며 성장합니다.",
그린루프,정보통신,2024.07.03,한강진,http://www.greenloop.co.kr,2025.07,씨엔티테크,"IoT 의류 수거함 기반의 자원순환 시스템을 스마트시티, 상업시설 등에 설치하여 의류 폐기물 배출 시장의 디지털 전환을 진행.수집된 의류는 품질별로 분류하여 매출에 최적화된 솔루션으로 유통/판매하며 매출구조를 형성함.향후 디지털전환된 Data를 활용하여 탄소배출권 거래시장으로 확장 계획.",
에이치오피,ICT제조,2024.02.29,오에녹,http://www.hopcorporation.com,2025.07,신한벤처투자,"인공위성과 통신이 어려운 실내 및 지하는 Non-GPS 환경에서도 기성 드론 및 로봇의 자율 이동을 위한 위치 제어 시스템으로 세계 최초의 기성 로봇 및 드론 전용 위치 제어 시스템, PoC를 통해 입증된 실내 및 지하 환경 위치 제어 능력을 기반으로 정밀도를 향상 시켜 드론, 로봇개, 차량로봇에 적용하여 로봇간 위치 정보 공유를 통하여 이종 로봇 전용 자율 이동 기술 개발을 목표로 함.",
피그말리온팀,정보통신,2023.07.27,김찬욱,http://www.pigmalion.studio,2025.07,스프링캠프,피그말리온 스튜디오는 생성형 AI를 활용해 AI Companion 서비스들을 만드는 스타트업입니다.  현재 Z세대 여성을 대상으로 한 편지형 AI 친구 서비스 '프로젝트 디토'를 개발하고 있습니다.,
스콘에이아이,정보통신,2024.06.12,공정일,http://sconai.com,2025.07,스케일업파트너스,"SconAI는 세계 최고 수준의 AI 기술을 바탕으로, 언어의 장벽을 넘어 전 인류가 자유롭게 연결될 수 있는 세상을 열어가고 있습니다. 서로 다른 언어와 문화를 가진 사람들이 경계 없이 이해하고 소통할 수 있도록 하며, 이를 통해 지식과 경험, 그리고 마음이 전 세계적으로 공유되는 진정한 소통의 시대를 만들어가고 있습니다.",
오큘러스,정보통신,2022.05.17,김민규,http://oculusworld.co.kr/,2025.07,빅뱅엔젤스,주식회사 오큘러스는 노안 환자의 굴절 이상 개선을 위한 초점 조절 안경을 개발하는 혁신 기업입니다.안경 구독 서비스와 함께 AI 기반 시력 변화 예측 기술을 활용해 개인 맞춤형 디지털 치료 서비스를 제공합니다. 기술과 헬스케어를 융합해 눈 건강의 새로운 패러다임을 제시합니다.,
브릿지웍스,정보통신,2024.06.11,박태훈,http://www.cashmore.kr/,2025.07,매쉬업벤처스,"캐시모어는 영수증 업로드만으로 즉시 리워드를 제공하는 오프라인 캐시백 플랫폼입니다. 사용자는 일상 소비 속에서 손쉽게 혜택을 얻고, 로컬 매장과 생활 소비재 브랜드는 실제 결제 고객만을 대상으로 성과 기반 마케팅을 집행해 신규·재방문 고객을 유치할 수 있습니다.",
대봉유통,정보통신,2025.03.28,최재혁,http://www.daebong.net,2025.07,매쉬업벤처스,"대봉유통은 농산물 유통의 불안정성을 해결하는 B2B 플랫폼 스타트업입니다.계절, 기상, 산지 상황에 따라 급격히 변동하는 농산물의 가격·품질·출고 문제를 데이터 기반으로 관리합니다. 산지 단가·출고·리뷰 데이터를 자동 수집·구조화하고, 머신러닝 예측을 통해 가격과 품질을 점수화하여 변동성 리스크를 최소화합니다. 또한 발주·출고를 자동 매칭하는 표준 프로토콜을 구축하여 온라인 셀러에게 안정적 공급망을 제공합니다.",
더케이컴퍼니,바이오의료,2023.12.11,김성우,http://www.thekrc.kr,2025.07,더인벤션랩,"화장품 임상연구 산업을 디지털로 혁신하는 - ㈜더케이컴퍼니더케이컴퍼니는 분당 미금역 소재의 '더케이피부과학연구소' - 인체적용시험기관을 운영하고 있으며, 화장품/건기식/미용기기 등의 임상연구를 수행하고 있습니다.연구과정에서 발생하는 휴먼에러와 인력에 의존한 연구프로세스를 효과적으로 IT를 활용해 개선하고, Ai와 임상데이터를 기반으로 제품의 유효성과 안전성을 분석하는 '더마넷'을 개발하고 있습니다.",
캘러스컴퍼니,정보통신,2022.10.04,유석호,http://www.calluscompany.com,2025.07,더벤처스,"AI 기반 글로벌 인재 매칭 플랫폼인 Callus를 운영하며, 원격 채용과 급여 대행을 통합 제공하는 혁신 서비스를 구축하였습니다. 4단계 검증 프로세스와 AI Agent 자동화를 통해 기업에 최적화된 인재를 연결하고, 국가 간 임금 격차를 활용해 비용 효율적인 고용 환경을 제공합니다.",
엘씨에이치피테크,IT부품,2024.05.23,박용대,http://,2025.07,대구창조경제혁신센터,"당사는 자율주행·로보틱스 핵심 센서인 라이다의 기술적 한계를 극복하기 위해 설립되었습니다. 원자현미경 기반 나노스캔 기술과 Hybrid 광학 기술을 융합한 초고해상도 Hyper 라이다를 개발하고 있으며, 향후 소형 Hyper-MEMS 스캐너 개발로 제품 영역을 확장해 가격 경쟁력과 품질 안정성을 확보, 글로벌 상용화를 추진하고 있습니다.",
봄찬,지식서비스,2024.08.13,박지흠,http://bomchan.asia,2025.07,뉴패러다임인베스트먼트,"봄찬은 전국 단위 석재 배송 서비스와 데이터 기반 운영 시스템을 바탕으로, 낙후된 석재 산업을 디지털 혁신해요. 뾰족한 제품과 빠른 실행력으로 단기간에 온라인 점유율 1위를 달성했으며, 동시에 효율적인 운영 시스템을 적용해서, 꾸준한 흑자를 만들고 있어요. 올해 상반기에는 1,000평 규모의 신규 물류센터로 확장 이전 하면서, 앞으로는 B2B 대형 거래처 확보와 전국 단위 유통망 고도화에 더욱 속도를 낼 거에요.",
소락,정보통신,2023.08.14,강경훈,http://,2025.07,노틸러스인베스트먼트,"저희는 웹툰 IP기반으로 트랜스미디어화를 통해 IP가치의 극대화, BM의 다각화를 실현합니다. 또한 창작과 IP 비즈니스의 생태계를 구현하여 안정적이게 경쟁력과 작품성을 두루 갖춘 IP를 제작 환경을 만들어 나갑니다.",
사운드엣,정보통신,2023.10.19,신용섭,http://playcount.io,2025.07,국민대학교기술지주,"국내 음악 산업 내부에 필요한 A&R SaaS서비스를 운영 합니다.아티스트 팬덤 지표, 발매 음원의 리스닝 지표 등을 다양한 음원 플랫폼과 SNS를 통해 수집하여 제공하며, AI기반으로 해당 데이터를 조회하고 추출 할 수 있도록 지원합니다.",
노크랩,정보통신,2025.02.21,김연빈,http://knocklab.com,2025.07,고려대학교기술지주,"(주)노크랩은 생성형 AI 서비스 플랫폼을 개발하는 AI 솔루션 전문기업으로, 금융권 AI 시스템 구축, 고객 초개인화를 위한 AI 알고리즘 개발, 상담센터, 챗봇, 불완전 판매 방지, 민원예측 처리기술을 확보하여 금융권, 공공 및 일반 기업을 대상으로  AI KAG(Knowledge Augmented Generation)를 이용한 데이터 전처리, AI Agent를 활용한 Contact Platform 사업 영위",
리인벤팅,정보통신,2023.05.03,김필준,http://www.reinventing.kr,2025.07,경기창조경제혁신센터,"2023년 설립된 AI 기반 마케팅 자동화 기업으로, 자체 솔루션 리바이즈를 통해 중소기업·스타트업도 전문 인력 없이 손쉽게 데이터 기반 CRM을 실행할 수 있도록 지원한다. 리바이즈는 고객 행동 데이터를 실시간 분석해 맞춤형 메시지를 자동 생성·발송하는 SaaS 서비스로, 복잡한 시나리오 설계 없이도 콘텐츠 등록만으로 초개인화 마케팅을 가능하게 한다. 이를 통해 기업은 별도의 CRM전문가나 개발 리소스 없이도 마케팅 성과를 개선할 수 있다.",
케이버,기계·소재,2024.11.11,한강민,http://kaber.co.kr,2025.07,강원대학교기술지주,"당사는 커피박 등 바이오 부산물을 활용해 99% 생분해되는 친환경 소재를 개발·제조하는 기업입니다. 빨대, 생활용품,필름 등 다양한 제품을 통해 플라스틱을 대체하며, 지속가능한 미래를 만드는 데 앞장서고 있습니다.",
블루노멀,정보통신,2023.03.10,정진원,http://www.bluenormal.co.kr,2025.07,JB벤처스,"블루노멀은 대표가 중소기업 임원 시절 겪은 기업 대출의 비효율을 직접 해결하고자 창업하였습니다. AI 기반 대출 심사 자동화와 최적 금융기관 매칭으로 기업 대출의 금리를 낮추고 시간을 절약해 기업의 경영 효율성을 높입니다. 또한 영업 즉시 가능한 네트워크와 금융·기술 역량을 갖춘 임원진이 함께하며, 기업이 더 빠르고 안정적으로 성장할 수 있도록 지원합니다.",
레어리,정보통신,2022.05.22,이승아,http://rarelee.com,2025.07,500글로벌매니지먼트코리아,"얼굴형, 이목구비, 체형을 분석해 나에게 가장 잘 어울리는 스타일을 추천하는 AI 기반 스타일 컨설팅 서비스 기업",
곳간로지스,정보통신,2021.05.03.,김자영,http://www.kokkanlogis.co.kr,2025.07,500글로벌매니지먼트코리아,"37조의 화물운송시장의 화주와 차주를 대상으로 아날로그와 파편화된 배차업무를 빅데이터/AI/ML기반으로 DX하여, 업무개선,비용절감에 도움이 되고자 '프리모'라는 서비스를 개발, 운영중에 있습니다.",
에이비지텍,바이오의료,2023.07.03,어용석,http://-,2025.07,컴퍼니엑스,"㈜에이비지텍은 마이크로니들 패치와 광학센서를 융합한 차세대 연속혈당측정 시스템을 개발하는 혁신 창업기업입니다. 기존 침습형 혈당측정기의 불편함과 비침습형 기술의 낮은 정확도를 동시에 해결하여, 환자가 일상에서 편리하고 신뢰성 있게 혈당을 관리할 수 있는 환경을 제공합니다. 당사는 정확도와 편의성을 갖춘 독창적 기술을 기반으로 당뇨 환자의 삶의 질을 향상시키고, 나아가 글로벌 헬스케어 기업으로 성장하는 것을 목표로 하고 있습니다.",서울 노원구 동일로173가길 123
카본엔네이처,에너지·자원,2022.04.27,신현용,http://-,2025.07,더인벤션랩,"굴패각으로부터 블루카본(이산화탄소)을 추출하여 미생물 발효 공정을 거쳐 식물영양제(비료), 악취저감제, 부숙촉진제, 하수오니 처리제, 음식물쓰레기 처리제 등의 다양한 생활용품을 연구개발 및 제조판매하는 친환경 업사이클링 전문기업입니다.",인천 서구 정서진로 410
리젠티앤아이,에너지·자원,2023.09.21,설창범,http://-,2025.07,한국과학기술지주,"㈜리젠티앤아이는 건설 순환토사와 폐플라스틱을 융합한 세계 최초 친환경 신소재 ‘소일라스틱’을 개발한 스타트업으로, 독자적 전처리·펠렛화 공정을 기반으로 균질성과 내구성을 확보하며 건축, 모빌리티, 전자 등 다양한 산업에 적용 가능한 솔루션을 제공합니다.",인천 서구 정서진로 410
사일런트스카이,기계·소재,2025.01.07,김다빈,http://silentsky.co.kr,2025.07,앤틀러코리아,"사일런트스카이는 드론·UAM 분야의 핵심 부품인 카본 복합소재 프로펠러를 개발하는 기업입니다. 기존 제조 방식의 비용과 품질 한계를 극복하기 위해 Hollow-Core 경량화 기술과 저소음 설계 기술을 적용하고 있으며, 공정 표준화와 품질 안정화를 통해 감항인증 대응 역량을 확보하여 글로벌 경쟁력을 갖춘 국산 부품을 제공하고자 합니다.",서울 관악구 관악로 1
비노시스,바이오의료,2024.08.22,심윤재,http://www.bnosis.com,2025.07,우정바이오,"반려동물의 고령화로 인해 당뇨등 만성질환이 증가, 예방과 건강 관리에 대한 관심이 증가. 기존 사람용 제품은 반려동물의 특성에 맞지 않아 사용이 불편하고, 털 때문에 오염과 측정의 문제가 있음. 이런 문제를 해결하기 위해 펜타입의 이중구조 마이크로니들 디바이스를 개발 중. 털 유무와 관계없이 편리하게 혈당을 측정하고 인슐린을 정량으로 주입할 수 있음. 반려동물의 스트레스를 최소화하며, 맞춤형 솔루션을 제공하여 보호자의 만족도를 높일 수 있음.",강원특별자치도 춘천시 소양강로 32
에이치앤엠바이오,에너지·자원,2021.03.10,이명오,http://www.hnmbio.com,2025.07,호서대학교 산학협력단,"(주)에이치앤엠바이오는 인류의 지속 가능한 미래를 위해 고도산화 기술 기반의 친환경 솔루션을 제공합니다. 특히 고도화된 하·폐수 및 슬러지 처리 기술을 통해 수질을 정화하고 오염물질을 줄이는 데 기여하고 있습니다. 또한 하수협잡물 건조기술로 혁신제품 인증을 받아 공공 시장에 진출했으며, 슬러지 처리기술을 활용해 B2B 시장 진출을 준비하며 사업을 확장하고 있습니다.",충남 아산시 신창면 순천향로 22
메리핸드,바이오의료,2022.08.12,박은수,http://www.merihand.com,2025.07,광주창조경제혁신센터,"메리핸드는 손 재활 분야의 혁신적인 의료기기를 개발·제조하는 기업으로, AI 기반 분석 기술과 전기 자극 치료 장치를 결합해 환자의 손 기능 회복을 지원합니다. 당사의 대표 솔루션 ‘Dia-Grip’은 손 관절 움직임 분석, 근육 시뮬레이션, 가상 MRI 생성 및 FES(기능적 전기자극) 치료 연동을 통해 진단부터 치료까지 통합적인 재활 솔루션을 제공합니다.",광주 북구 자미로6번길 45
토포랩,바이오의료,2023.02.10,김혁,http://topo.co.kr,2025.07,씨엔티테크,식물세포 배양 기술로 고부가가치 희소원료 물질을 대량생산 하는 세포 농업 플랫폼 개발,경기 고양시 일산동구 동국로 32
반조,바이오의료,2025.02.27,최혜란,http://www.banzo.co.kr,2025.07,프라이머,㈜반조는 손가락이 부분적으로 절단된 환자가 사용할 수 있는 기능성 손가락용 의수를 만듭니다.,경기 안산시 단원구 원포공원1로 59
올쏘케어,바이오의료,2024.04.01,김종호,http://www.orthocare.co.kr,2025.07,퓨처플레이,"올쏘케어는 AI 기반 디지털 헬스 기업으로서 정형외과 임상데이터와 동작분석 알고리즘을 융합한 스마트폰 기반 재활치료 솔루션을 개발하고 있습니다. 2D 영상만으로 3차원 관절가동범위와 근력을 정밀 측정하는 독자 AI 기술과 CDW 회복예측 모델을 통해 환자 맞춤형 피드백과 치료 경과의 정량화를 구현하며, 향후 근골격계 전주기 관리 솔루션으로 확장해 글로벌 시장 진출을 목표로 합니다.",서울 영등포구 63로 10
솔라스틱,에너지·자원,2025.02.18,박성근,http://www.solarstic.co.kr,2025.07,삼성화재해상보험,"솔라스틱은 기존 태양광 모듈 대비 50% 이상 가벼운 초경량 태양광 패널을 개발·제조하며 차별화된 기술력을 갖추고 있습니다. 이 패널은 차량 지붕, 건물 외장재, 산업단지 등 다양한 환경에 적용할 수 있어 활용도가 높습니다. 현재 현대·기아를 비롯한 글로벌 OEM과 협력을 확대하며, 친환경 에너지 전환과 RE100 달성을 선도하는 기업으로 성장하고 있습니다.",경기 군포시 군포첨단산업2로22번길 5
포네이처스,에너지·자원,2022.10.21,류호림,http://www.fornatures.com,2025.07,한국투자액셀러레이터,(주)포네이처스는 미세조류 기반 연속 확장식 생물학적 탄소포집 시스템을 개발하고 있는 친환경 솔루션 개발 기업니다. 미세조류를 활용하여 공기를 정화하고 탄소를 저감하는 시스템은 자동 수확 및 연속 배양을 통해서 에너지 효율성을 극대화하고 모듈 형태로 개발되어 장소에 제약 없이 설치가 가능하여 확장성이 용이합니다. ㈜포네이처스의 친환경 기술을 기반으로 녹색 건축물 시장과 탄소 배출 할당업체를 주요 목표 시장으로 하고 있습니다.,충북 청주시 서원구 충대로 1
아토매트릭스,바이오의료,2024.05.16,이은호,http://,2025.07,강원대학교기술지주,"(주)아토매트릭스는 AI·분자동역학 기반 차세대 CADD 플랫폼 기업으로, GPCR 등 난이도 높은 표적의 신약 후보물질을 설계·분석합니다. 자동화·정밀 기술로 초기 개발 비용과 시간을 줄이고 성공률을 높이며, 글로벌 SaaS로 확장해 제약사의 R&D 혁신을 지원합니다.",경기 성남시 수정구 대왕판교로 815
파워투팜스,에너지·자원,2023.07.31,임용훈,http://power2farms.com/,2025.07,킹슬리벤처스,"㈜파워투팜스는 지속 가능한 탄소 저감 솔루션을 통해 보다 살기 좋은 지구 환경을 만드는 것을 비전으로 삼고 있습니다. 기후 변화는 인류가 직면한 가장 큰 도전 과제 중 하나입니다. 이에 대응하기 위해서는 혁신적이고 지속 가능한 에너지 솔루션이 필수적입니다. 저희 회사는 탄소배출을 줄이고, 지구 환경을 보호하며, 미래 세대가 더욱 건강하고 안전하게 살아갈 수 있는 환경을 만드는 데 이바지하고자 합니다.",전북특별자치도 전주시 덕진구 오공로 123
세라오스,바이오의료,2023.08.24,박기현,http://www.ceraoss.com,2025.07,충남창조경제혁신센터,"㈜세라오스는 인류의 건강과 행복을 만들어가는 기업이 되겠다는 비전을 가지고 2023년 설립하여 예비창업패키지, 2024년 기업부설연구소를 설립 및 벤처확인을 받고 디딤돌 R&D사업을 수행하며 성장의 발판을 다져온 기술 기반 스타트업으로서 2025년 글로벌 헙업사업과 팁스 사업에 선정되어 세계 일류 프리미엄 임플란트를 순수 국내 기술로 만들어 세계 시장을 목표로 하는 제조기술 기반의 의료기기 기업이 되고자 지속적인 연구 개발을 이어가고 있습니다.",경기 수원시 영통구 광교산로 154-42
바이오바이츠,바이오의료,2023.12.26,이정우,http://biobytes.kr/ko,2025.07,킹슬리벤처스,"주식회사 바이오바이츠는 근감소증 예측 AI 솔루션 및 바이오뱅크 코호트 데이터를 기반으로 진단 및 치료 바이오마커를 발굴하는 기업입니다. 또한 근육합성 및 근력개선에 최적화된 건강기능식품 바이액트정을 출시하여 유통 중에 있으며, 피로회복 및 긴장완화에 도움을 주는 식약처 인증받은 원료로 개발 한 건강기능식품 나이렉스정도 출시하였습니다",강원특별자치도 춘천시 강원대학길 1
블록에스,정보통신,2022.04.07,김희성,http://block-s.io/,2025.06,필로소피아벤처스,"양자 컴퓨팅 기술을 활용하여 고효율 양자 시뮬레이터를 개발하고, 연구, 교육, 산업 분야에 혁신적인 솔루션을 제공하는 사업을 전개함. 양자 회로 복잡도 분석으로 자원 스케줄링을 최적화하여 비용 효율성을 높이고, 대학 및 연구소의 양자 알고리즘 연구와 교육을 지원함을 목표로 함.또한, 금융, 물류, 의료 등 산업별 맞춤형 솔루션을 제공하며, 클라우드 기반 SaaS와 온프레미스 모델로 비즈니스 최적화를 지원함. 글로벌 시장 진출과 양자 보안 통신 기술",
스웰엑스,정보통신,2025.05.16,박재형,http://www.swirlx.co,2025.06,프라이머,AI 데이터 센터용 차세대 열교환기 제품을 제공하는 회사 입니다.,
웨어플루,기계·소재,2022.11.14,박성준,http://wearablefluidic.co.kr/,2025.06,킹슬리벤처스,성균관대 화학공학과 박성준 교수의 교원창업기업으로 데이터 센터에서 발생되는 높은 열을 효율적으로 제어하기 위한 액침냉각용 고방열유체 개발 기업임.  인공지능 개발과 함께 높은 열을 방출하는 데이터 서버를 액체금속 기반의 고열전도도를 가지는 유체 소재에 직접 담침하여 기존의 데이터 센터 공랭식 냉각방식의 한계를 극복하기 위한 기술보유 기업임.,
씨에스엠,에너지·자원,2023.06.01,최선미,http://www.csmtech.kr,2025.06,킹슬리벤처스,"㈜씨에스엠은 철강부산물인 슬래그를 주원료로 다기능성의 시멘트 및 콘크리트를 이용한 건설소재를 개발하는 친환경 기업임.주요 아이템은 부산물을 70% 이상 사용하여 고온소성없이 생산과정의 탄소배출을 80% 이상 저감한 저탄소 초속경 시멘트로, 기존 경쟁 제품의 동등이상의 성능을 발현하면서 단가를 50% 이상 저감한 친환경 시멘트임.",
스마트팜이,농업·어업,2024.09.21,권해성,http://smartfarme.com,2025.06,킹슬리벤처스,"스마트팜E는 스마트팜, 인공지능(AI), 첨단 분자육종 기술을 융합하여 약용작물 산업의 혁신을 주도하는 기업입니다. 환경제어 기술과 약용작물 전용 스마트팜 연구를 수행하여 유효성분 증대에 성공적인 성과를 이루는 등 혁신적인 연구역량을 보유하고 있습니다. 현재는 병풀의 유효성분을 극대화한 고부가가치 신품종을  개발하고 있으며 국내외 천연 기능성 소재 시장에서 지속 가능한 경쟁력을 확보하고, 글로벌 시장 진출을 목표로 성장하는 기업입니다.",
에듀캔버스,정보통신,20220801,이에렌,http://www.alphajini.co.kr,2025.06,킹고스프링,"㈜에듀캔버스는 AI 진단과 인터랙션 키오스크 기반의 커리어 큐레이션 솔루션 ‘알파지니’를 개발한 에듀테크 기업입니다. 데이터 기반 직무 진단, 가상 직무시뮬레이션, 진로 관리까지 통합하여 몰입형 커리어 탐색 생태계를 구현하고 있습니다.",
아크론에코,기계·소재,2021.08.18,배덕관,http://www.akroneco.com,2025.06,코맥스벤처러스,"초음파 기반 폐플라스틱 열분해 시스템 및 한국형 신형 원전에 방사능 제염기술 제품   및 서비스를 공급하는 친환경 에너지 기업입니다.컨테이너 모듈형 초음파 열분해 시스템을 통해 폐플라스틱을 현장에서 나프타 중심의 열분해유로 전환하며, 순환경제와 탄소저감 실현을 목표로 국내외 시장에 진출하고 있습니다.",
이머티리얼랩,기계·소재,2019.12.09,선호범,http://구축 중,2025.06,충남창조경제혁신센터,"차세대 방열 솔루션을 선도하는 당사는 자동차, 반도체, 전자부품 등 열 관리가 중요한 첨단 산업을 위해 고기능성 신소재 ‘블랙메탈’을 개발하였습니다. 독자적인 고방사 기술을 바탕으로 동일한 성능 대비 획기적인 경량화를 실현하며, 산업별 맞춤형 방열 부품을 제공합니다.",
컬리버,바이오의료,2024.06.17.,김정석,http://culiver.ai/,2025.06,전남대학교기술지주회사,친환경 유용미생물 및 유해물질 진단 기술을 적용한 지속가능 새우양식 솔루션 전문기업. 맞춤형 복합 유용미생물 기술을 통해 지속가능한 친환경 농축수산물 생산을 실현합니다. 지속 가능한 친환경 농수산물 생산과 지역사회 상생을 통해 국내·외 시장을 선도하는 글로벌 새우양식 전문 기업.,
안전집사,정보통신,2021.10.01,박성운,http://www.safejibsa.com,2025.06,인포뱅크,"부동산초보자도 집을 안전하고 손쉽게 구할 수 있는 AI에이전트 서비스.부동산 서비스 최초로, 집을 구하는 모든 과정에 AI안전검증 시스템을 도입하였으며, 이를 통해서 집을 구하는 모든 과정을 안전하게 손쉽게 할 수 있는 서비스를 제공.",
모리,정보통신,2025.03.13,"김규석, 이주호",http://www.mori-corp.io,2025.06,인천창조경제혁신센터,"MORI는 생성형 AI의 무단 학습을 방지하는 이미지 보안 기술을 개발한 스타트업입니다. 클릭 한 번으로 창작자의 이미지를 보호하는 맞춤형 AI 교란 기술을 제공하며, 글로벌 콘텐츠 시장과 플랫폼을 타깃으로 확장 중입니다.",
홈앤코,정보통신,2024.07.04,"류지호, 국형주",http://homeco.kr/,2025.06,엑스퀘어드,"홈코는 13조원 규모의 국내 집수리 시장에서 데이터의 부재와 운영 비효율성으로 인해 소비자와 기술자들이 겪고 있는 불편을 데이터 기반의 자동화 기술로 해결하고자 합니다. 홈코는 자재 준비 자동화, CS 분리 운영 등의 운영 효율화를 통해 작업 효율성과 소비자 만족도를 개선하였으며, 향후 (1)구조화된 수리 DB, (2)자동화된 견적 및 공정 추천 시스템, (3)서비스 품질관리 시스템을 개발하여 표준화된 유지보수 솔루션을 제공하고자 합니다.",
펠즈,정보통신,2024.05.13,김승우,http://peting.me/,2025.06,앤틀러코리아,"펫팅은 국내 최초 반려동물 건강검진 차량이 집 앞까지 찾아가는 모바일 펫 헬스케어 서비스입니다. 자체 기술로 운영 효율을 높였으며, 정밀 데이터를 바탕으로 헬스케어 전 분야로 확장 가능한 유일한 플랫폼입니다.",
페이퍼리,정보통신,2025.02.14,안성원,http://paiperly.com,2025.06,앤틀러코리아,"페이퍼리는 건설 현장의 안전관리 서류 업무를 자동화하는 솔루션을 개발합니다. 반복적인 문서 작성과 강화되는 규제에 대응해, AI 기반으로 서류 누락 방지와 규정 검토를 지원하며 관리자의 부담을 줄입니다.",
내일사장,정보통신,2023.01.27,박규태,http://www.nsajang.com,2025.06,씨엔티테크,"내일사장은 소상공인과 예비 창업자를 위한 플랫폼으로, 인증된 매물만을 제공하는 브랜드 인증관과 인증 서비스를 통해 신뢰할 수 있는 창업 환경을 만듭니다. 매물 정보의 투명성과 정확성을 보장하며, 상가 매물 거래의 리스크를 최소화하고, 예비 창업자가 믿을 수 있는 정보를 제공합니다.",
베리링크,정보통신,2024.05.03,김태우,http://www.berrylink.io,2025.06,시리즈벤처스,"베리링크(주)는 CIS 지역에 특화된 K-뷰티, 건강기능식품 및 여성용품 전문 수출 마케팅 통합 서비스를 제공하는 기업으로, 현지화 전략과 디지털 플랫폼 역량을 바탕으로 한국산 제품의 성공적인 진출을 지원.",
드래프타입,정보통신,2023.06.27.,김대희,http://www.draftype.net,2025.06,스파크랩,"드래프타입 스튜디오는 생성형 AI 기술을 활용해 브랜드 맞춤형 비주얼 콘텐츠를 제작할 수 있는 서비스입니다.드래프타입 스튜디오는 브랜드 전용 프롬프트 시스템과 시각적 스타일 설정 기능을 통해, 각 기업의 고유한 톤앤매너와 디자인 언어를 반영합니다. 로고, 컬러 팔레트, 폰트 스타일, 심볼 등 시각 아이덴티티 요소를 기반으로 콘텐츠를 생성할 수 있습니다.",
코넥시,정보통신,2022.02.03,최영일,http://www.koneksi.co.kr,2025.06,스케일업파트너스,"주식회사 코넥시는 탈중앙화 기반의 블록체인 기술인 Private IPFS 기반으로 데이터 보안 및 위/변조 탐지 솔루션을 개발하는 기업으로써, 실시간 암호화, 동기화를 통해 데이터 무결성을 제공합니다.빅데이터 & AI 산업시대 흐름에 발 맞추어 안전한 데이터 보안을 넘어서 강력한 디지털 신뢰 구축을 통해 데이터 활용을 지원하는 인프라로써 작용합니다.",
에이뮨링크,바이오의료,2024.10.23.,황상준,http://aimmunelink.com/,2025.06,서울대학교기술지주,"정밀맞춤면역 전문기업.1. 면역세포 대상 질량세포분석기술 적용 단백체 분석 기반,(1) 면역 특화 Lab-CRO사업: 제약기업 고객 대상 면역력 분석검사(바이러스/백신, 암) 제공,(2) 임상검사사업: 의료기관 고객 대상 면역력 측정검사(면역노화; 바이러스 감염질환, 자가면역질환) 제공2. 면역체계 디지털 모델링 기반 면역 빅데이터(Immunome) AI/ML 고도화 적용 Immune Digital Twins 고도화",
밍글랩,정보통신,2022.10.22,박지은,http://minglelab.company/,2025.06,서울대학교기술지주,"AI 기술을 기반으로 학부모에게 전국 유초중고 교육/학원 정보를 제공하고, 아이에게 맞는 교육을 찾아주는 '런즈(Learns)’라는 서비스를 운영하고 있는 회사입니다.",
소무나,기계·소재,2020.01.03,송종원,http://www.somuna.co.kr,2025.06,삼성화재해상보험,소중한 무공해 나라를 만드는 벤처기업.소무나 주식회사는 ‘맑은 하늘을 보며 마음껏 숨 쉴 수 있는 도심’을 만들기 위해 모인 친환경 벤처기업입니다. 콜드체인 산업에서 상품 배송 중 신선도 유지를 위해 발생하는차량의 공회전 문제를 해결하기 위한 친환경 콜드체인 시스템을 개발합니다.,
코랩,바이오의료,2020.01.28.,"김하숙, 최규영",http://www.kolabcro.com,2025.06,블리스바인벤처스,"(주)코랩은 아시아 최대 규모 데이터와 전문 코호트를 바탕으로 전 세계 뇌 건강분야의 새로운 패러다임을 개척합니다.치매예방 기능성 프로바이오틱스 및 치매 생균치료제개발, 치매 및 노인성 뇌질환 임상시험을 전문으로 사업을 전개하며 뇌 건강 분야의 세계선도기업으로 성장하고 있습니다.",
풀릭스,정보통신,2023.09.19,이진길,http://www.poolix.io/,2025.06,블루포인트파트너스,"풀릭스는 데이터 기반 식품 제조 솔루션을 제공하는 스타트업으로, 기획부터 제조·출시까지 복잡한 식품 제조 과정을 통합해 효율화합니다. 디지털 인프라를 기반으로 예비 창업자와 소규모 브랜드의 진입 장벽을 낮추는 원스톱 서비스를 제공합니다.",
보인앤컴퍼니,전기전자,2022.09.19.,"임채록, 임은석",http://voinnco.com/,2025.06,블루포인트파트너스,"회사는 VR, AR 및 웨어러블 하드웨어 용도의 마이크로 디스플레이 필름을 개발하고 있음.기술의 기반은 LEDoS (LED on Silicon)으로 불리며, 이는 수마이크로 크기의 픽셀 입자를 구현하는 기술임.이 기술을 고도화하여 회사가 개발하고 있는 마이크로 디스플레이 필름은 안면에 착용할 수 있는 웨어러블 하드웨어에 적합하도록, 초경량, 초박막, 플렉시블의 특성을 갖는 차세대 기술에 해당함.",
비주얼터미놀로지,정보통신,2019.09.03,최병관,http://visualterminology.com,2025.06,부산대학교기술지주,모두가 자신의 건강상태를 이해할 수 있는 세상을 만들고 적절한 건강 관리 및 치료를 받을 수 있는 기반을 제공하는 기술을 개발하는 기업입니다.,
GHS,에너지·자원,2022.04.04,양비룡,http://www.ghskr.com,2025.06,리벤처스,"그린에너지를 활용한 차세대 다목적 수소 제조 시스템을 개발하여, 미래 에너지 산업의 무한한 가능성을 실현해 나가는 기업입니다. 그린 수소 시스템의 국산화를 통해 해외 에너지 의존도를 낮추는 기술 개발에 앞장서며, 그린에너지 자립화를 위한 핵심 부품 및 소재 개발을 기반으로 하는 친환경 중심 기업입니다. 우수한 기술력을 바탕으로, 그린 에너지 산업계를 선도하는 Global Leading Company로 나아가고 있습니다.",
뉴로엔,정보통신,2020.07.21,오도연,http://www.neuroen.com,2025.06,더인벤션랩,"뉴로엔은 정량적 뇌과학 데이터를 기반으로 정신건강 상태를 분석하고 맞춤형 치료를 제안하는 AI 기반 임상 의사결정지원시스템 개발 기업입니다.정신질환 치료 및 두뇌 건강관리를 위한 새로운 정신건강 의료 패러다임을 제시하며, 국내 최대 임상 데이터와 전문의 네트워크를 바탕으로 연구와 사업화를 선도합니다.",
5그릿츠,정보통신,2024.11.18,성호식,http://carsub.kr/LandingScreen,2025.06,더인벤션랩,"‘카썹’은 AI 기반의 중고 자동차 부품 거래 플랫폼입니다. 수입차 중심의 중고부품을 정비소·폐차장과 연계해 B2C·B2B 거래를 중개하며, 부품 추천 알고리즘과 재고관리 솔루션을 통해 비용 절감과 ESG 가치 실현을 동시에 추구합니다.",
크래쉬컴퍼니,정보통신,2019.11.08,장승규,http://home.pkme.io,2025.06,더벤처스,"크래쉬컴퍼니는 예약·상담 기반 자영업자를 위한 SaaS ‘피크(Peak)’를 개발·운영하는 스타트업으로, 고객 문의·예약·결제를 하나의 흐름으로 자동화해 반복 업무를 줄이고 전환율을 높이는 AI 비즈니스 운영 시스템을 제공한다.",
에이아이지먼트,정보통신,2023.07.11,조신혁,http://www.aigement.com,2025.06,더벤처스,"㈜에이아이지먼트는 2023년 설립된 AI 기반 벤처기업으로, 제조 기업의 구매 원가 절감을 위한 SaaS형 AI 솔루션을 개발·공급합니다. AI 전문가와 구매 컨설턴트가 협업해 구매업무 효율화와 비용 절감에 집중할 수 있도록 돕는 서비스로, 2024년 벤처기업 인증 및 투자 유치에 성공했습니다.",
앳,정보통신,2023.11.23.,김효준,http://at.studio,2025.06,더벤처스,at은 실시간 번역·요약 제공하는 AI 미팅 코파일럿 ‘Caret’을 서비스하고 있습니다.글로벌 세일즈팀 대상으로 미팅 전·중·후 준비와 진행을 지원하고 CRM 연동을 제공합니다.,
그린토크,정보통신,2022.08.08.,손영국,http://www.greentalk.co.kr/,2025.06,광주창조경제혁신센터,"당사는 스마트 골프 제품을 설계, 제조, 판매하는 기업으로 스마트 골프공을 통해 1단계 퍼팅 솔루션을 구현하여 제품 판매 및 서비스를 진행하고 있음.현재 판매 중인 주요 제품은 퍼팅용 스마트 골프공, 경사 퍼팅매트이며 향후 아이언용 스마트 골프공 및 솔루션 구현을 통해 스마트 골프를 통해 홈 티칭솔루션 및 온라인 골프 대결을 구현함으로서 스마트 골프를 완성해 갈 예정.",
엠아르오디펜스,정보통신,2022.07.29.,"박준상, 이준원",http://mrodefence.com,2025.06,고려대학교기술지주,"㈜엠아르오디펜스는 국내 최초 방산분야의 AI, IoT, 센싱 및 SI 전문기업으로 국방산업에 대한 디지털 전환을 목표로 다양한 기술 접목과 맞춤형 솔루션 공급으로 국방 전력 강화에 기여하고자 합니다. 이에 맞춤형 솔루션이 가능한 다양한 기술에 대한 R&D 및 기술 고도화로 국방 관련 기관 및 기업에 대한 기술 서비스 제공과 더불어 다양한 분야로 시장을 확대하고자 합니다.",
스튜디오얌얌,정보통신,2021.02.14.,주광수,http://www.webinow.co.kr/,2025.06,고려대학교기술지주,"B2B 영업/마케팅 솔루션 웨비나우를 기반으로 국내 및 해외 B2B 영업 전과정을 디저털 전환하고 있습니다. 팁스를  통해 AI 기반 번역, 숏폼, 소비자 반응 데이터를 기반으로 국내를 넘어 글로벌 솔루션으로 도약하고자합니다.",
아라메소재,화학,2023.04.24.,정창윤,http://www.arame.kr,2025.06,경남창조경제혁신센터,"(주)아라메소재는 해양유래 셀룰로오스에 대한 20여년의 연구성과를 바탕으로 2023년 설립되었습니다.저희는 그간의 선구적이며, 독창적인 해양자원에 대한 연구 성과를 토대로 인류에게 여전히 미지로 남아있는 해양자원을 연구, 개발, 사업화 하고 있습니다.이를 통해 우리의 미래세대를 위해 기후변화 대응, 탄소 저감, 환경 보호 등 지속가능한 미래에 대한 새로운, 그리고 효과적인 방법들을 제시하고자 합니다.감사합니다.",
파마로보틱스,기계·소재,2024.06.14,유제청,http://,2025.05,스케일업파트너스,파마로보틱스는 국내 최초 일반 주사제 자동 조제 로봇 제조 기업으로 AI Robotics 기술을 의료 환경에 적용하여 병원 자동화 및 안전의료를 구현하는 로봇 의료기기 플랫폼 기업입니다.,
픽스업,정보통신,2023.09.01,임상원,http://phyxuphealth.com							,2025.05,디지털헬스케어파트너스,"""픽스업헬스는 미국에 본사를 둔 헬스테크 스타트업으로, 외래 재활 분야에서의 워크플로우 및 수가 청구 문제를 해결하기 위해 설립되었습니다.저희는 병원 및 클리닉이 수익을 증대하고, 환자의 치료 순응도를 높이며, 문서화 및 청구 과정을 자동화할 수 있도록 돕는 원격 환자 모니터링 플랫폼을 제공합니다.픽스업헬스의 미션은 디지털 치료를 재활치료 클리닉에 맞게 쉽고 수익성 있게 만드는 것입니다.""",
라이브어트,바이오의료,2022.04.21,박해동,http://,2025.05,프라이머,"라이브어트는 식물성 원료를 기반으로 건강하고 지속가능한 식품을 개발하는 푸드테크 기업입니다. 대표 브랜드 ‘볼비’를 통해 고단백·무당의 두유 요거트를 선보이며, 맛과 영양의 균형을 갖춘 비건 대체식품 시장을 선도하고 있습니다.",
휴브리스,정보통신,2018.10.05,전창민,http://www.dorbom.com							,2025.05,크립톤,"""휴브리스는 AI 기반 인재 매칭과 운영 자동화를 통해 돌봄, 가사, 단기 일자리 서비스를 제공하는 플랫폼 기업입니다.정부사업 경험과 외국인력 운영 역량을 바탕으로 고용 시장의 효율성과 신뢰를 높이고 있습니다.""",
마음주의,정보통신,2021.04.12,이성원,http://www.mindism.care							,2025.05,캡스톤파트너스,"마음주의는 상담사·강사 등 1인 전문가와 기관을 위한 클라우드 기반 고객관리 및 예약 운영 플랫폼입니다. 일정 관리, 자동 알림, 영상상담, 정산 기능을 통합 제공하며, 모바일·PC에서 모두 사용 가능하여 비대면 서비스와 디지털 행정 효율성을 높입니다.",
에버트레져,정보통신,2023.04.04,조영린,http://yeatu.co.kr							,2025.05,와이앤아처,"""에버트레져는 AI 블록체인 기반 예술 핀테크 기업입니다.글로벌 예술 네트워크 '에버링크(Everlink)'로 아티스트와 기업을 매칭하고,예술 콘텐츠 투자 서비스 '예투(YEATU)'를 통해 투자자를 연결하여새로운 글로벌 예술 생태계를 구축합니다.""",
이십사쩜칠,정보통신,2023.08.31,이선욱,http://buddie.kr							,2025.05,씨엔티테크,"""이십사쩜칠은 상업용 부동산 운영을 자동화하는 SaaS 솔루션 ‘Buddie’를 개발하는 스타트업입니다.디지털 트윈, 공간 분석, 자산 인식 기술을 통해 빌딩 운영의 효율성과 투명성을 높이며, 임대인과 임차인 모두를 위한 통합 플랫폼을 제공합니다.""",
에프엘컴퍼니,정보통신,2021.09.27,이종혁,http://jss.kr/							,2025.05,씨엔티테크,"에프엘컴퍼니는 2021년 설립된 매운맛 소스 및 HMR 전문 제조업체로, 혁신적인 AI 기반 매운맛 추천시스템을 개발하고 있습니다. '저세상' 브랜드로 특제 매운맛 소스와 직화 텀블링 공정의 차별화된 제품을 생산하며, XGBoost 머신러닝 모델을 활용해 소비자 맞춤형 매운맛을 추천하는 디지털 마케팅 서비스를 제공할 예정입니다. 2024년 9억원에서 2025년 27억원 매출 목표로 급성장하며 글로벌 진출을 추진 중입니다",
하이퍼노바,정보통신,2022.10.04,박현무,http://www.hypernovacorp.com							,2025.05,스프링캠프,AI 컴패니언 기반 전화영어 서비스 '헤이링'을 만들고 있습니다.,
더뉴그레이,정보통신,2023.07.17,"권정현, 유대영",http://thenewgrey.com							,2025.05,블루포인트파트너스,"더뉴그레이는 시니어들이 자신감을 가지고 사회에 기여하며,활기찬 라이프스타일을 유지할 수 있도록 지원하고자 합니다. 우리의 목표는 나이를 단순한 숫자로 보는 것이 아니라, 각자의 삶을 가치 있고 의미 있는 방식으로 살아가도록 하는 것입니다. 이것이 바로 우리가 나아가고자 하는 방향이며, 이를 통해 우리는 모두 함께 성장할 수 있습니다.",
세이프키친,지식서비스,2021.04.19,김용민,http://www.safekitchen.co.kr							,2025.05,브이엔티지,""" 2021년 설립한 음식점 대상 스마트 위생관리 및 청소 구독 서비스를 제공하는 기업입니다.주요 서비스는 스마트 위생관리 솔루션(데이터 분석을 통해 위생 문제를 사전에 감지하고, 개선 방안을 제안), 전문 청소 구독 서비스(일정 주기(월별, 주별, 일별 등)에 맞춰 전문 인력이 방문하여 주방, 홀, 설비 등 매장 전반을 청소진행), 맞춤형 컨설팅(각 매장 상황에 맞는 위생관리 컨설팅을 제공하며, 직원 대상 위생 교육도 지원) 입니다.""",
엘렉스랩,바이오의료,2023.02.01,최신식,http://www.elegslab.com							,2025.05,부산지역대학연합기술지주,"본 기업은 바이오 엔지니어링 및 신약개발 전공의 박사 2명이 교원 창업한 기업으로, 오랜시간 축적된 연구개발 성과를 기반으로, 신약 개발 분야의 오랜 문제점을 해결하고자 창업하였습니다. 이러한 인공지능-예쁜꼬마선충 기반 신약 플랫폼의 빅데이터 기반의 예측 모델을 통한 신약의 개발시간과 개발비용 절감이 가능케 하고자합니다. 상기 신약 개발 플랫폼으로 파킨슨 질병의 뇌질환 마이크로바이옴 후보 물질을 발굴하여, 마우스 실험까지 완료하였습니다.",
에이치이엠씨,화학,2020.01.09,이동원,http://www.hemc.kr							,2025.05,부산지역대학연합기술지주,"""설립이래 이차전지셀 설계 및 생산, 다양한 음극재 분석실적을 가지고 있으며,베트남 VIN, 미국 SIONIC, NANOGRAFI 등의 음극실리콘 분석 및 테스트셀 제작경험이 있습니다.이를 바탕으로 실리콘 음극재 제조의 노하우를 가지고 기술개발을 진행하고 있습니다.""",
바하마,지식서비스,2022.01.10,이현준,http://bahama.kr							,2025.05,벤처스퀘어,"학습자가 모르는 부분을 즉각 검색하여 여러 강의들 중에 가장 높은 유사도와 관련성이 있는 강의의 특정시점을 찾아냄으로써, 교재의 해설과 오프라인 학원에서만 해결됐던 모르는 부분을 해결하여 학습비효율성 개선.  최초 B2B모델에서 교육플랫폼으로 자사가 개발한 엔진을 외주공급하며 추후 지속적인 버전업데이트와 유지보수를 유료로 제공. 교육플랫폼은 이를 학습자에게 제공함으로써 자사의 낮은 완강률을 해결하는 동시에 콘텐츠 활성화에 기여.",
아몬드앤코,기계·소재,2021.03.10,서민재,http://www.almondco.kr							,2025.05,로우파트너스,실시간 근접식 피부진단 AI를 활용한 뷰티 케어 디바이스와 이를 활용한 스킨 헬스 플랫폼,
어치브모먼트,정보통신,2024.08.09,김기현,http://blaybus.com							,2025.05,더인벤션랩,"어치브모먼트는 ‘데이터로 증명되는 성장’을 미션으로, 인재의 역량과 태도를 업무 기반 데이터로 정량화하고 기업의 채용·육성·배치를 연결하는 HR AI 플랫폼 Blaybus를 운영합니다. 조직과 개인의 성장을 함께 만드는 새로운 기준을 제시합니다.",
코너,정보통신,2019.01.28,오세준,http://www.corner.co.kr							,2025.05,더벤처스,"코너는 Ai 자체 알고리즘을 통해 부동산 매입 가격을 단기간에 제시, 부동산을 직접 매입하여 리뉴얼, 재매각을 반복 하는 모델로서 부동산 매매와 직결된 등기 / 담보대출 / 보험 등을 자동화하여 부가서비스를 통한 수익을 실현하는 스타트업입니다. 복잡한 절차 없이 코너가 빠르게 부동산 매입 가격을 산정하여 판매자에게 가격을 제시하며 코너가 구입한 부동산은 프리미엄 공유오피스로 리뉴얼하여 창업 사업자들에게 제공합니다.",
제로더,정보통신,2023.08.29,심예준,http://www.zerorder.kr							,2025.05,더벤처스,"""대형병원의 구매시스템을 합리적으로 바꿔나가는 스타트업기존의 병원은 단순 구축 시스템으로 막대한 구축비용과 비효율적인 절차를 통해 물건을 구매특히 마진에 마진을 반복하며 물건을 비싸게 구매제로더는 이 문제를 해결하기 위해 전국 모든 도매상의 가격경쟁을 실현하고AI를 통해 병원의 많은 코드를 관리하고 자동화 시켜주며마감자동화와 보험고시가격 자동화를 통해서 병원 행정업무를 자동화 """,
엠버스,정보통신,2021.12.13,김성식,http://mverse7.com/							,2025.05,대구창조경제혁신센터,"㈜엠버스는 AI 금융/투자서비스에서 감정 기반 투자 조언, AI 투자시뮬레이션, 전문 투자자의 정보 활용을 통한 카피 투자를 제공하여 객관적인 정보와 시장 대내외적 이슈 및 감정적 요소를 결합해 경쟁력 있고 차별화된 서비스 제공을 핵심 목표로 성장해가고자 합니다.",
커넥티드인,정보통신,2022.07.01,황상원,http://www.connected-in.co.kr							,2025.05,강원대학교기술지주,의료 기관과 개인 소비자를 직접 연결하여 전문적이고 효과적인 개인 맞춤형 건강 증진 서비스를 제공하는 디지털 헬스케어 플랫폼 솔루션 기업,
팩토스퀘어,정보통신,2023.05.31,홍일호,http://factosquare.com/							,2025.05,한국투자액셀러레이터,"V 중소 화장품 공장 생산 데이터를 기반으로 화장품 최적 생산 솔루션 제공V 최소 수량, 최단 기간, 최다 SKU 생산 달성",
잇피,정보통신,2022.07.07,"이성민, 이재준",http://www.itphy.co/							,2025.05,한국투자액셀러레이터,"잇피는 근골격계 질환 환자의 재활 치료 효율성과 의료 접근성 한계를 극복하기 위해 AI 기반 재활 플랫폼 ‘링닥(RingDoc)’을 운영 중입니다. 비접촉 관절 분석, AI 맞춤형 재활 처방, 실시간 모니터링 기능을 통해 병원과 환자 간 치료 연속성을 강화하고 있으며, 현재 국내 20여 개 병원에 적용되어 임상적 효과를 검증받았습니다. 북미·아시아 주요 병원 네트워크와의 협력을 통해 글로벌 시장 진출을 본격화하고 있습니다.",
메타팩토리코퍼레이션,정보통신,2022.04.11,한원희,http://www.metafactorycorp.co.kr							,2025.05,한국투자액셀러레이터,"""메타팩토리코퍼레이션은 AI로 영상 및 실감형 XR 콘텐츠 제작 효율을 극대화하는솔루션 'Imagine X'를 개발합니다. 이를 통해 제작 기간과 비용을 획기적으로 절감하며,플레이어블 XR, 미디어아트, AR 방송 등 다양한 산업 현장에서 그 가치를 성공적으로 입증했습니다.""",
웨어콤,화학,2022.03.15,김경우,http://www.wearcom.net							,2025.05,한국바이오투자파트너스,"㈜웨어콤은 친환경 나노셀룰로오스 기반 소재를 연구∙개발하는 소재 전문기업으로, 건식 복합화 기술을 통해 고기능성 플라스틱 솔루션을 제공합니다. 경량화∙고강도∙저탄소를 동시에 실현하는 혁신 소재로 자동차∙건축∙포장재 산업의 탈플라스틱 전환을 선도하고 있습니다.",
더센텍,기계·소재,2021.11.23,김경호,http://www.thesentech.com							,2025.05,한국과학기술지주,"㈜ 더센텍은 원자력연구원에서 개발한 금속 3D 프린팅 기술을 기반으로 창업한 연구원기업으로 고강도, 내열, 내부식, 내방사선의 하이브리드 소재를 활용하여 국방, 항공, 우주, 원자력 분야의 극한환경 부품, 장비를 개발하는 전문업체입니다. 주요 기술로는 극한환경에 적용할 수 있는 3D 프린팅 소재제조 및 설계기술, 3D 프린팅 공정해석 및 모델링기술, 이종금속 3D 프린팅 기술 등이며 관련분야 원천특허를 다수 보유하고 있습니다.",
퓨처센스,정보통신,2018.06.22,안다미,http://futuresense.co.kr							,2025.05,코맥스벤처러스,"""퓨처센스는 식품산업의 디지털 전환을 위한 SaaS 플랫폼 기업으로,블록체인 기반 이력추적과 AI 재고·로스율 관리 솔루션을 제공합니다.글로벌 식품 규제 대응과 ESG 실천을 동시에 지원하며,국내외 식품업체의 경쟁력 확보를 지원합니다""",
케어식스,정보통신,2019.05.15,김성훈,http://www.cotons.ai							,2025.05,제주창조경제혁신센터,"""2019년 5월 설립 이래 반려견 생체신호(체온, 심박, 활동량 등) 모니터링 기기 및 Ai 기반 분석/리포트 시스템을 개발해 왔음.현재 동물병원용 Sense1 Vet과 퇴원 관리(가정)용 Sense1 Guardian 모델을 출시하였고, 예방 관리용 기기/서비스인 Sense1 Home을 개발 중임""",
에스에이에스,전기전자,2023.05.18,이동석,http://www.sas-sys.com							,2025.05,엔슬파트너스,"""당사는 지난 23년 이상동안 OES방식으로 Plasma Monitoring 설비를 설계/제작/판매 경험을 가지고2023년5월 창업한 회사로써-Dry Etching공정 End Point Detection용 설비인, Model명 'SAS-EPD'제품과-CVD공정에서 Cleaning EPD와 Air Leakage Detection 목적으로 활용하는 Model명 'SAS-HMS제품을 주력으로 생산하고 있는 회사 입니다.""",
메가플랜,농업·어업,2019.08.20,유철원,http://www.megaplan.kr							,2025.05,씨엔티테크,"메가플랜은 기후 변화에 대응하며 지속 가능한 고등어 양식을 선도하는 혁신 스타트업입니다. 육상 양식 기술을 활용하여 지구온난화로 인한 고수온과 태풍 등 자연재해의 영향을 극복하고 1년 내내 안정적으로 고품질 고등어를 생산, 공급하며 어획량 불안정 문제를 해소합니다.",
리필리,화학,2020.11.16,김재원,http://refeely.com/							,2025.05,스마일게이트인베스트먼트,"리필리는 플라스틱 용기를 종이팩으로 대체하는 친환경 종이팩 패키징 솔루션 기업입니다. 자체 종이팩을 생산하며 현재는 생활용품(헤이밀리), 유기능 식품(로컬스톡)등 다양한 제품을 종이팩에 담아 지속가능한 우리의 미래 및 환경을 생각하는 기업입니다.",
에이랩스,화학,2021.01.28,박웅,http://www.alabs.re.kr,2025.05,소풍벤처스,"""환경 적응 모듈형 탄소자원화 솔루션 연구개발 기업.주어진 환경에서 최적의 이산화탄소 자원화 공정을 찾아내는 AI 시스템과이를 바탕으로 운영되는 탄소 자원화 설비를 함께 개발해 보급.""",
세호마린솔루션즈,기계·소재,2028.05.14,김영원,http://www.sehomarine.com/,2025.05,선보엔젤파트너스,"운항선 친환경설비 개조 엔지니어링 40척 이상 수행, LNG 이중연료 추진선 개조 설계 및 ABS 선급 AIP 획득 실적을 보유. 해군기술품질원에 수중함용 전기 하이브리드 추진 예인정 개념설계를 공급한 이후, 전기·하이브리드 추진선 설계와 추진시스템 개발에 주력해왔습니다. 소형 수소추진선 기술개발과 실증, 이후 중대형선 친환경 연료 개조 기술개발 과제를 진행 중이며, 자율운항 시스템 개발 등 친환경 선박 기술 전문 기업으로 성장하고 있습니다.",
엔씨에프테크,화학,2023.07.19,남기봉,http://www.ncftech.co.kr,2025.05,블루포인트파트너스,"""주식회사 엔씨에프테크(NCF Tech)는 차세대 3세대 EUV 펠리클을 개발하는 첨단 기술 기업입니다.자사의 핵심 기술인 나노미터 두께의 흑연 박막(NGF: Nano-thick Graphite Film) 펠리클은 뛰어난 내열성과 600W급 고출력 EUV 노광 장비에 최적화된 성능을 자랑합니다.2023년 설립 이후, 고객사와의 공동 연구 및 과제 수행을 통해 기술력을 고도화하고 있으며,EUV 펠리클 완제품 및 소재 부품의 양산을 목표로 반",
애드웨이브,전기전자,2024.10.24,나준희,http://						,2025.05,미래과학기술지주,"(주)애드웨이브는 2024년  10월  설립된  비외감법인으로  전기ㆍ전자공학  연구개발업  (주력제품(사업)  :  위성  통신용  소형  안테나  모듈)  등을 영위  중이며,  2024년  12월말  현재  총자산  509백만원,  자기자본  509백만원  (납입자본금  11백만원),  평가기준일  현재  종업원  2명  규모의  벤처기업",
짐워크,정보통신,2023.03.27,"김주용, 전현성",http://gymwork.pro							,2025.05,매쉬업벤처스,"짐워크는 국가대표 선수, IFBB PRO, 파워리프팅 챔피언 등 검증된 인플루언서들의 실제 운동 루틴을 기반으로, 사용자 개개인의 목적과 신체 조건에 맞춘 개인 맞춤형 프리미엄 운동 프로그램을 제공합니다. 운동 초보자부터 상급자까지 누구나 쉽게 따라할 수 있도록 구성되어 있으며, 단순한 운동 기록을 넘어 과학적 근거에 기반한 루틴으로 운동 효과를 극대화할 수 있도록 돕는 피트니스 앱입니다.",
스텝하우,정보통신,2024.01.08,황성욱,http://www.stephow.me							,2025.05,매쉬업벤처스,"스텝하우는 24년 1월 설립한 법인으로 차세대 사내 지식 관리 시스템 (KMS, 위키) ‘스텝하우’를 운영하고 있습니다. 서비스 출시 6개월만에 BGF리테일, 동서식품, DB손해보험, 한국과학창의재단, 한국부동산원 등 70개사가 넘는 대중견기업 및 공공기관에서 도입하여 활용 중에 있습니다. 이러한 성과를 바탕으로 6.1억원의 벤처투자를 받으며 빠르게 성장하고 있습니다.",
비비던트코리아,정보통신,2025.04.16,김규대,http://www.vivident.xyz,2025.05,더벤처스,Vivident는 생성형 AI 기술을 활용한 가상 캐릭터 플랫폼 '모에라이브'를 개발하는 스타트업입니다.,
카운트다운에이아이,정보통신,2024.02.22,김상희,http://www.countdn.ai,2025.05,뉴패러다임인베스트먼트,"카운트다운에이아이는 2024년 설립된 스타트업으로, 생성형 AI 기술을 바탕으로 이미지와 동영상 편집 앱 ‘MeeAww’를 운영합니다. 사진과 영상의 품질 향상, 복원과 AI 필터, AI 포토 및 AI 편집 등의 혁신적 AI 솔루션을 제공합니다",
